bin,low,high,count,weight,mean_score,rate,rate_lo,rate_hi,model,calibration
0,0.01695,0.03113,824,0.10002,0.02683,0.03034,0.02063,0.04440,Logistic regression,none (raw)
1,0.03114,0.03774,824,0.10002,0.03450,0.03641,0.02562,0.05150,Logistic regression,none (raw)
2,0.03776,0.04313,824,0.10002,0.04040,0.04612,0.03378,0.06266,Logistic regression,none (raw)
3,0.04313,0.05005,823,0.09990,0.04645,0.04982,0.03693,0.06689,Logistic regression,none (raw)
4,0.05006,0.05713,824,0.10002,0.05371,0.04854,0.03585,0.06543,Logistic regression,none (raw)
5,0.05714,0.06635,824,0.10002,0.06161,0.06675,0.05164,0.08588,Logistic regression,none (raw)
6,0.06636,0.08126,823,0.09990,0.07319,0.06683,0.05170,0.08598,Logistic regression,none (raw)
7,0.08128,0.11765,824,0.10002,0.09602,0.08981,0.07214,0.11128,Logistic regression,none (raw)
8,0.11770,0.30333,824,0.10002,0.20328,0.19417,0.16861,0.22258,Logistic regression,none (raw)
9,0.30360,0.89011,824,0.10002,0.49915,0.49757,0.46352,0.53164,Logistic regression,none (raw)
0,0.01786,0.03198,824,0.10002,0.02765,0.03034,0.02063,0.04440,Logistic regression,sigmoid (5-fold ensemble)
1,0.03199,0.03857,824,0.10002,0.03532,0.03762,0.02663,0.05291,Logistic regression,sigmoid (5-fold ensemble)
2,0.03859,0.04397,824,0.10002,0.04123,0.04612,0.03378,0.06266,Logistic regression,sigmoid (5-fold ensemble)
3,0.04397,0.05089,823,0.09990,0.04724,0.04982,0.03693,0.06689,Logistic regression,sigmoid (5-fold ensemble)
4,0.05091,0.05785,824,0.10002,0.05451,0.04733,0.03481,0.06405,Logistic regression,sigmoid (5-fold ensemble)
5,0.05785,0.06721,824,0.10002,0.06235,0.06796,0.05270,0.08723,Logistic regression,sigmoid (5-fold ensemble)
6,0.06721,0.08176,822,0.09978,0.07383,0.06691,0.05176,0.08609,Logistic regression,sigmoid (5-fold ensemble)
7,0.08182,0.11770,825,0.10015,0.09645,0.08848,0.07096,0.10982,Logistic regression,sigmoid (5-fold ensemble)
8,0.11774,0.30047,824,0.10002,0.20221,0.19539,0.16975,0.22385,Logistic regression,sigmoid (5-fold ensemble)
9,0.30054,0.88121,824,0.10002,0.49332,0.49636,0.46232,0.53044,Logistic regression,sigmoid (5-fold ensemble)
0,0.00000,0.03295,813,0.09869,0.02884,0.02952,0.01992,0.04355,Logistic regression,isotonic (5-fold ensemble)
1,0.03318,0.03629,833,0.10112,0.03525,0.03842,0.02734,0.05373,Logistic regression,isotonic (5-fold ensemble)
2,0.03629,0.04244,825,0.10015,0.03857,0.04121,0.02964,0.05704,Logistic regression,isotonic (5-fold ensemble)
3,0.04260,0.05330,689,0.08364,0.04633,0.05806,0.04292,0.07809,Logistic regression,isotonic (5-fold ensemble)
4,0.05346,0.05720,870,0.10561,0.05458,0.03908,0.02810,0.05411,Logistic regression,isotonic (5-fold ensemble)
5,0.05721,0.06263,907,0.11010,0.05872,0.07277,0.05760,0.09153,Logistic regression,isotonic (5-fold ensemble)
6,0.06276,0.07390,829,0.10063,0.06748,0.06876,0.05345,0.08805,Logistic regression,isotonic (5-fold ensemble)
7,0.07394,0.10101,816,0.09905,0.08795,0.08456,0.06736,0.10565,Logistic regression,isotonic (5-fold ensemble)
8,0.10282,0.35543,831,0.10087,0.21656,0.19856,0.17285,0.22704,Logistic regression,isotonic (5-fold ensemble)
9,0.35552,1.00000,825,0.10015,0.49737,0.49333,0.45933,0.52740,Logistic regression,isotonic (5-fold ensemble)
0,0.00000,0.00289,741,0.08995,0.00011,0.03374,0.02296,0.04933,Random forest (library default),none (raw)
1,0.00333,0.00622,583,0.07077,0.00351,0.04288,0.02921,0.06254,Random forest (library default),none (raw)
2,0.00667,0.01333,903,0.10961,0.00858,0.04430,0.03270,0.05976,Random forest (library default),none (raw)
3,0.01333,0.02306,940,0.11411,0.01672,0.05851,0.04523,0.07539,Random forest (library default),none (raw)
4,0.02333,0.03728,951,0.11544,0.02931,0.04522,0.03374,0.06035,Random forest (library default),none (raw)
5,0.03733,0.05656,765,0.09286,0.04624,0.05229,0.03863,0.07042,Random forest (library default),none (raw)
6,0.05667,0.09444,883,0.10719,0.07365,0.06795,0.05315,0.08649,Random forest (library default),none (raw)
7,0.09489,0.17333,813,0.09869,0.12934,0.11685,0.09655,0.14076,Random forest (library default),none (raw)
8,0.17333,0.38500,835,0.10136,0.26616,0.23114,0.20381,0.26092,Random forest (library default),none (raw)
9,0.38556,0.97333,824,0.10002,0.58257,0.42718,0.39382,0.46122,Random forest (library default),none (raw)
0,0.05083,0.05194,824,0.10002,0.05137,0.03277,0.02262,0.04725,Random forest (library default),sigmoid (5-fold ensemble)
1,0.05194,0.05345,824,0.10002,0.05272,0.04612,0.03378,0.06266,Random forest (library default),sigmoid (5-fold ensemble)
2,0.05345,0.05538,824,0.10002,0.05438,0.04369,0.03172,0.05989,Random forest (library default),sigmoid (5-fold ensemble)
3,0.05538,0.05810,823,0.09990,0.05669,0.05832,0.04427,0.07648,Random forest (library default),sigmoid (5-fold ensemble)
4,0.05810,0.06197,824,0.10002,0.05989,0.04126,0.02968,0.05711,Random forest (library default),sigmoid (5-fold ensemble)
5,0.06197,0.06814,824,0.10002,0.06473,0.05704,0.04316,0.07503,Random forest (library default),sigmoid (5-fold ensemble)
6,0.06814,0.07992,823,0.09990,0.07328,0.07412,0.05813,0.09406,Random forest (library default),sigmoid (5-fold ensemble)
7,0.07996,0.11512,824,0.10002,0.09407,0.10073,0.08200,0.12317,Random forest (library default),sigmoid (5-fold ensemble)
8,0.11525,0.25006,824,0.10002,0.17202,0.22573,0.19849,0.25551,Random forest (library default),sigmoid (5-fold ensemble)
9,0.25010,0.83706,824,0.10002,0.45170,0.44660,0.41298,0.48072,Random forest (library default),sigmoid (5-fold ensemble)
0,0.03559,0.03897,626,0.07599,0.03637,0.03514,0.02332,0.05264,Random forest (library default),isotonic (5-fold ensemble)
1,0.03903,0.04340,906,0.10998,0.04076,0.03863,0.02791,0.05325,Random forest (library default),isotonic (5-fold ensemble)
2,0.04340,0.04753,927,0.11253,0.04499,0.04962,0.03741,0.06556,Random forest (library default),isotonic (5-fold ensemble)
3,0.04755,0.05187,797,0.09675,0.04960,0.05395,0.04030,0.07189,Random forest (library default),isotonic (5-fold ensemble)
4,0.05189,0.05633,826,0.10027,0.05402,0.04600,0.03370,0.06251,Random forest (library default),isotonic (5-fold ensemble)
5,0.05640,0.06475,828,0.10051,0.05959,0.05072,0.03774,0.06786,Random forest (library default),isotonic (5-fold ensemble)
6,0.06480,0.08453,856,0.10391,0.07281,0.07243,0.05691,0.09177,Random forest (library default),isotonic (5-fold ensemble)
7,0.08467,0.14376,824,0.10002,0.10909,0.10316,0.08420,0.12580,Random forest (library default),isotonic (5-fold ensemble)
8,0.14436,0.29738,824,0.10002,0.21577,0.22330,0.19619,0.25298,Random forest (library default),isotonic (5-fold ensemble)
9,0.29744,0.88620,824,0.10002,0.44562,0.45024,0.41658,0.48437,Random forest (library default),isotonic (5-fold ensemble)
0,0.00797,0.02584,824,0.10002,0.01992,0.03034,0.02063,0.04440,Random forest (min_samples_leaf=10),none (raw)
1,0.02584,0.03416,824,0.10002,0.03016,0.03519,0.02461,0.05009,Random forest (min_samples_leaf=10),none (raw)
2,0.03418,0.04184,824,0.10002,0.03811,0.03762,0.02663,0.05291,Random forest (min_samples_leaf=10),none (raw)
3,0.04185,0.04915,823,0.09990,0.04540,0.05346,0.04006,0.07101,Random forest (min_samples_leaf=10),none (raw)
4,0.04915,0.05767,824,0.10002,0.05332,0.05583,0.04211,0.07366,Random forest (min_samples_leaf=10),none (raw)
5,0.05769,0.06782,824,0.10002,0.06262,0.05704,0.04316,0.07503,Random forest (min_samples_leaf=10),none (raw)
6,0.06784,0.08178,823,0.09990,0.07442,0.06683,0.05170,0.08598,Random forest (min_samples_leaf=10),none (raw)
7,0.08180,0.11691,824,0.10002,0.09543,0.08252,0.06562,0.10331,Random forest (min_samples_leaf=10),none (raw)
8,0.11697,0.34150,824,0.10002,0.22419,0.19296,0.16747,0.22131,Random forest (min_samples_leaf=10),none (raw)
9,0.34225,0.85852,824,0.10002,0.49943,0.51456,0.48045,0.54854,Random forest (min_samples_leaf=10),none (raw)
0,0.04148,0.04684,824,0.10002,0.04512,0.02670,0.01770,0.04009,Random forest (min_samples_leaf=10),sigmoid (5-fold ensemble)
1,0.04684,0.04937,824,0.10002,0.04813,0.03155,0.02162,0.04583,Random forest (min_samples_leaf=10),sigmoid (5-fold ensemble)
2,0.04937,0.05180,824,0.10002,0.05061,0.05218,0.03897,0.06955,Random forest (min_samples_leaf=10),sigmoid (5-fold ensemble)
3,0.05181,0.05423,823,0.09990,0.05299,0.03888,0.02767,0.05437,Random forest (min_samples_leaf=10),sigmoid (5-fold ensemble)
4,0.05423,0.05710,824,0.10002,0.05557,0.06917,0.05377,0.08858,Random forest (min_samples_leaf=10),sigmoid (5-fold ensemble)
5,0.05710,0.06083,824,0.10002,0.05888,0.05704,0.04316,0.07503,Random forest (min_samples_leaf=10),sigmoid (5-fold ensemble)
6,0.06084,0.06634,823,0.09990,0.06325,0.06318,0.04851,0.08192,Random forest (min_samples_leaf=10),sigmoid (5-fold ensemble)
7,0.06636,0.08209,824,0.10002,0.07200,0.08131,0.06453,0.10197,Random forest (min_samples_leaf=10),sigmoid (5-fold ensemble)
8,0.08217,0.29958,824,0.10002,0.17346,0.19903,0.17319,0.22766,Random forest (min_samples_leaf=10),sigmoid (5-fold ensemble)
9,0.29968,0.92084,824,0.10002,0.52076,0.50728,0.47319,0.54130,Random forest (min_samples_leaf=10),sigmoid (5-fold ensemble)
0,0.01167,0.03577,823,0.09990,0.02923,0.02673,0.01772,0.04014,Random forest (min_samples_leaf=10),isotonic (5-fold ensemble)
1,0.03581,0.04135,825,0.10015,0.03884,0.03636,0.02559,0.05144,Random forest (min_samples_leaf=10),isotonic (5-fold ensemble)
2,0.04136,0.04547,817,0.09917,0.04352,0.04529,0.03303,0.06180,Random forest (min_samples_leaf=10),isotonic (5-fold ensemble)
3,0.04548,0.04868,830,0.10075,0.04710,0.05181,0.03869,0.06906,Random forest (min_samples_leaf=10),isotonic (5-fold ensemble)
4,0.04869,0.05104,817,0.09917,0.05018,0.05875,0.04460,0.07704,Random forest (min_samples_leaf=10),isotonic (5-fold ensemble)
5,0.05107,0.05680,723,0.08776,0.05326,0.06224,0.04684,0.08227,Random forest (min_samples_leaf=10),isotonic (5-fold ensemble)
6,0.05683,0.06966,930,0.11289,0.06230,0.05484,0.04195,0.07139,Random forest (min_samples_leaf=10),isotonic (5-fold ensemble)
7,0.06967,0.09553,825,0.10015,0.07931,0.08848,0.07096,0.10982,Random forest (min_samples_leaf=10),isotonic (5-fold ensemble)
8,0.09601,0.34069,797,0.09675,0.21597,0.18821,0.16259,0.21681,Random forest (min_samples_leaf=10),isotonic (5-fold ensemble)
9,0.34122,0.98824,851,0.10330,0.51081,0.50411,0.47058,0.53761,Random forest (min_samples_leaf=10),isotonic (5-fold ensemble)
0,0.00000,0.00000,824,0.10002,0.00000,0.04005,0.02866,0.05571,Gaussian Naive Bayes,none (raw)
1,0.00000,0.00000,824,0.10002,0.00000,0.03883,0.02764,0.05431,Gaussian Naive Bayes,none (raw)
2,0.00000,0.00001,824,0.10002,0.00000,0.04005,0.02866,0.05571,Gaussian Naive Bayes,none (raw)
3,0.00001,0.00002,823,0.09990,0.00001,0.04860,0.03589,0.06551,Gaussian Naive Bayes,none (raw)
4,0.00002,0.00030,824,0.10002,0.00012,0.05825,0.04422,0.07639,Gaussian Naive Bayes,none (raw)
5,0.00030,0.00154,824,0.10002,0.00074,0.07160,0.05591,0.09127,Gaussian Naive Bayes,none (raw)
6,0.00155,0.03730,823,0.09990,0.00756,0.07169,0.05598,0.09138,Gaussian Naive Bayes,none (raw)
7,0.03774,0.81339,824,0.10002,0.31918,0.13592,0.11421,0.16102,Gaussian Naive Bayes,none (raw)
8,0.81347,1.00000,824,0.10002,0.97018,0.16262,0.13900,0.18937,Gaussian Naive Bayes,none (raw)
9,1.00000,1.00000,824,0.10002,1.00000,0.45874,0.42498,0.49287,Gaussian Naive Bayes,none (raw)
0,0.05331,0.05331,824,0.10002,0.05331,0.04126,0.02968,0.05711,Gaussian Naive Bayes,sigmoid (5-fold ensemble)
1,0.05331,0.05331,824,0.10002,0.05331,0.03641,0.02562,0.05150,Gaussian Naive Bayes,sigmoid (5-fold ensemble)
2,0.05331,0.05331,824,0.10002,0.05331,0.04369,0.03172,0.05989,Gaussian Naive Bayes,sigmoid (5-fold ensemble)
3,0.05331,0.05331,823,0.09990,0.05331,0.04374,0.03176,0.05996,Gaussian Naive Bayes,sigmoid (5-fold ensemble)
4,0.05331,0.05335,824,0.10002,0.05333,0.05825,0.04422,0.07639,Gaussian Naive Bayes,sigmoid (5-fold ensemble)
5,0.05335,0.05352,824,0.10002,0.05341,0.07160,0.05591,0.09127,Gaussian Naive Bayes,sigmoid (5-fold ensemble)
6,0.05352,0.05891,823,0.09990,0.05441,0.07169,0.05598,0.09138,Gaussian Naive Bayes,sigmoid (5-fold ensemble)
7,0.05892,0.24771,824,0.10002,0.11599,0.13835,0.11645,0.16361,Gaussian Naive Bayes,sigmoid (5-fold ensemble)
8,0.24927,0.33259,824,0.10002,0.31747,0.16262,0.13900,0.18937,Gaussian Naive Bayes,sigmoid (5-fold ensemble)
9,0.33259,0.33260,824,0.10002,0.33260,0.45874,0.42498,0.49287,Gaussian Naive Bayes,sigmoid (5-fold ensemble)
0,0.00638,0.04015,759,0.09213,0.03303,0.04084,0.02892,0.05739,Gaussian Naive Bayes,isotonic (5-fold ensemble)
1,0.04036,0.04262,149,0.01809,0.04083,0.02685,0.01049,0.06699,Gaussian Naive Bayes,isotonic (5-fold ensemble)
2,0.04300,0.04549,1513,0.18366,0.04364,0.03966,0.03093,0.05071,Gaussian Naive Bayes,isotonic (5-fold ensemble)
3,0.04550,0.04924,867,0.10524,0.04662,0.04729,0.03505,0.06353,Gaussian Naive Bayes,isotonic (5-fold ensemble)
4,0.04928,0.05612,634,0.07696,0.05145,0.05205,0.03730,0.07220,Gaussian Naive Bayes,isotonic (5-fold ensemble)
5,0.05756,0.05923,1020,0.12382,0.05776,0.07157,0.05730,0.08905,Gaussian Naive Bayes,isotonic (5-fold ensemble)
6,0.06051,0.08794,685,0.08315,0.07070,0.07153,0.05453,0.09332,Gaussian Naive Bayes,isotonic (5-fold ensemble)
7,0.08804,0.16983,796,0.09663,0.11289,0.11432,0.09404,0.13830,Gaussian Naive Bayes,isotonic (5-fold ensemble)
8,0.17262,0.27361,990,0.12017,0.19408,0.16970,0.14760,0.19435,Gaussian Naive Bayes,isotonic (5-fold ensemble)
9,0.27456,0.48998,825,0.10015,0.45913,0.45818,0.42445,0.49230,Gaussian Naive Bayes,isotonic (5-fold ensemble)
0,0.03637,0.04176,781,0.09480,0.03890,0.01921,0.01167,0.03145,LightGBM (library default),none (raw)
1,0.04214,0.04777,867,0.10524,0.04494,0.03460,0.02434,0.04897,LightGBM (library default),none (raw)
2,0.04782,0.05100,802,0.09735,0.04906,0.04364,0.03154,0.06009,LightGBM (library default),none (raw)
3,0.05105,0.05690,844,0.10245,0.05405,0.04502,0.03298,0.06119,LightGBM (library default),none (raw)
4,0.05691,0.06253,816,0.09905,0.06033,0.05147,0.03830,0.06884,LightGBM (library default),none (raw)
5,0.06253,0.06749,833,0.10112,0.06506,0.07323,0.05743,0.09295,LightGBM (library default),none (raw)
6,0.06749,0.07553,813,0.09869,0.07082,0.07257,0.05668,0.09249,LightGBM (library default),none (raw)
7,0.07553,0.10762,834,0.10124,0.08765,0.08153,0.06482,0.10208,LightGBM (library default),none (raw)
8,0.10767,0.32843,824,0.10002,0.19926,0.19903,0.17319,0.22766,LightGBM (library default),none (raw)
9,0.32843,0.78701,824,0.10002,0.47920,0.50485,0.47077,0.53889,LightGBM (library default),none (raw)
0,0.04885,0.05100,824,0.10002,0.05011,0.02427,0.01577,0.03719,LightGBM (library default),sigmoid (5-fold ensemble)
1,0.05100,0.05327,824,0.10002,0.05213,0.03519,0.02461,0.05009,LightGBM (library default),sigmoid (5-fold ensemble)
2,0.05327,0.05509,824,0.10002,0.05421,0.03762,0.02663,0.05291,LightGBM (library default),sigmoid (5-fold ensemble)
3,0.05509,0.05697,823,0.09990,0.05606,0.04496,0.03279,0.06135,LightGBM (library default),sigmoid (5-fold ensemble)
4,0.05697,0.05896,824,0.10002,0.05791,0.04733,0.03481,0.06405,LightGBM (library default),sigmoid (5-fold ensemble)
5,0.05897,0.06130,823,0.09990,0.06017,0.06318,0.04851,0.08192,LightGBM (library default),sigmoid (5-fold ensemble)
6,0.06130,0.06494,824,0.10002,0.06282,0.07767,0.06129,0.09797,LightGBM (library default),sigmoid (5-fold ensemble)
7,0.06495,0.08072,824,0.10002,0.07097,0.08859,0.07105,0.10995,LightGBM (library default),sigmoid (5-fold ensemble)
8,0.08083,0.27727,824,0.10002,0.15570,0.19175,0.16632,0.22003,LightGBM (library default),sigmoid (5-fold ensemble)
9,0.27727,0.90021,824,0.10002,0.51962,0.51578,0.48166,0.54975,LightGBM (library default),sigmoid (5-fold ensemble)
0,0.01988,0.02995,824,0.10002,0.02675,0.02184,0.01386,0.03427,LightGBM (library default),isotonic (5-fold ensemble)
1,0.02996,0.03889,824,0.10002,0.03437,0.03883,0.02764,0.05431,LightGBM (library default),isotonic (5-fold ensemble)
2,0.03892,0.04440,824,0.10002,0.04197,0.03762,0.02663,0.05291,LightGBM (library default),isotonic (5-fold ensemble)
3,0.04440,0.04903,823,0.09990,0.04661,0.04374,0.03176,0.05996,LightGBM (library default),isotonic (5-fold ensemble)
4,0.04905,0.05541,824,0.10002,0.05219,0.04490,0.03275,0.06128,LightGBM (library default),isotonic (5-fold ensemble)
5,0.05542,0.06241,824,0.10002,0.05892,0.07039,0.05484,0.08992,LightGBM (library default),isotonic (5-fold ensemble)
6,0.06243,0.07170,815,0.09893,0.06650,0.06871,0.05329,0.08818,LightGBM (library default),isotonic (5-fold ensemble)
7,0.07171,0.09881,832,0.10100,0.08199,0.09135,0.07360,0.11285,LightGBM (library default),isotonic (5-fold ensemble)
8,0.09901,0.34913,824,0.10002,0.21416,0.19053,0.16518,0.21876,LightGBM (library default),isotonic (5-fold ensemble)
9,0.34924,0.94143,824,0.10002,0.51613,0.51820,0.48408,0.55216,LightGBM (library default),isotonic (5-fold ensemble)
