threshold,left_n,left_positive,right_n,right_positive,weighted_gini,weighted_entropy
0.11000000000000001,1,0,11,6,0.45454545454545453,0.9111943605205434
0.17,2,0,10,6,0.4,0.8091254953788906
0.245,3,1,9,5,0.48148148148148145,0.9728810033922891
0.31999999999999995,4,1,8,5,0.4375,0.9067153767696876
0.39,5,1,7,5,0.37142857142857144,0.8042903712002691
0.47,6,2,6,4,0.4444444444444445,0.9182958340544896
0.5449999999999999,7,2,5,4,0.37142857142857144,0.8042903712002691
0.62,8,3,4,3,0.4375,0.9067153767696876
0.69,9,4,3,2,0.48148148148148145,0.9728810033922891
0.755,10,4,2,2,0.4,0.8091254953788906
0.835,11,5,1,1,0.4545454545454545,0.9111943605205434
