min_samples_leaf,max_leaf_nodes,max_features,learning_rate,l2_regularization,cv_ap,test_ap
50,63,1.0,0.03,0.1,0.45689048666753457,0.4899449472400931
20,8,0.3,0.2,0.1,0.45810393932917387,0.4880483705092226
200,63,0.6,0.08,1.0,0.4578479122411549,0.4887699620240402
50,31,0.3,0.02,0.1,0.4629517043503642,0.49495655953819195
50,63,1.0,0.12,10.0,0.4569621890506625,0.49246254438706993
20,15,0.3,0.08,1.0,0.4646196210866065,0.49568633623743336
10,15,1.0,0.12,10.0,0.4631096123382144,0.4975508114104969
50,8,0.6,0.05,0.0,0.46324215984155437,0.49012481161872445
100,63,1.0,0.2,0.1,0.4516820202497453,0.48847669352562445
10,15,0.3,0.2,10.0,0.4601496384862929,0.4876522131642071
50,31,0.6,0.05,0.1,0.46349663663366375,0.4965933368610516
100,63,0.6,0.02,10.0,0.4621276934544407,0.4880553110458997
10,31,0.6,0.03,10.0,0.4645862831844294,0.4907811640425901
100,15,1.0,0.02,1.0,0.4599653873719068,0.48123292037981236
50,4,0.3,0.12,10.0,0.4571859044187421,0.4761927105387066
20,8,0.3,0.02,0.0,0.4563345695717505,0.4786401033478528
200,4,0.6,0.08,0.0,0.4555262966311516,0.47947603325652116
20,15,0.3,0.12,1.0,0.46134486921193246,0.4934914166688109
50,15,0.6,0.02,0.1,0.46156483857939423,0.48887378360449174
100,4,1.0,0.2,0.1,0.4586518931477836,0.48468206689672433
20,4,0.3,0.02,10.0,0.43866718205096494,0.4582121403035334
20,8,1.0,0.05,10.0,0.4618778203560893,0.4889883601949346
20,31,1.0,0.05,0.1,0.46020999233033494,0.4958847659094847
50,15,0.3,0.12,10.0,0.4620545212414063,0.4990939181082399
200,63,0.6,0.03,0.0,0.45559248740631264,0.4879384850370867
200,31,0.6,0.05,10.0,0.4599277479007391,0.48738815084085196
10,31,0.3,0.08,0.0,0.4631821022094211,0.4931203678367128
200,15,0.6,0.08,1.0,0.4603435466809656,0.48797158835213045
20,8,0.3,0.03,1.0,0.46142534937730423,0.48496887894186136
200,63,0.3,0.05,10.0,0.4612092640730762,0.48887024276121166
10,8,0.3,0.03,0.0,0.4595298425257202,0.48346639038501416
100,4,0.3,0.12,0.0,0.4552784790682602,0.48164742802216065
50,15,0.6,0.05,10.0,0.46648475323926153,0.49517257399769954
10,31,0.3,0.02,0.1,0.4651062260804111,0.495751082041504
100,31,0.3,0.02,0.0,0.4622729204543971,0.49228540323300446
20,31,0.6,0.05,0.0,0.46291306443151736,0.49291621394412816
50,4,1.0,0.03,10.0,0.44707713774686114,0.47006684349931016
200,4,1.0,0.08,0.0,0.4569791263524177,0.48023623227598655
20,31,0.6,0.2,10.0,0.45700204961506485,0.49139890575600337
20,31,0.6,0.08,1.0,0.4596513586042594,0.4942849450903839
