model,params,mean_cv_ap,fold_ap
Logistic regression,"{""model__C"": 0.1}",0.1013811911670509,"[0.0618198650336952, 0.051936001927281705, 0.19038770654017578]"
Logistic regression,"{""model__C"": 1.0}",0.10092969015573815,"[0.061365449910313674, 0.05182788628420025, 0.1895957342727005]"
Gaussian Naive Bayes,"{""model__var_smoothing"": 1e-07}",0.12127085673491285,"[0.05990711851208981, 0.05137202182331904, 0.2525334298693297]"
Gaussian Naive Bayes,"{""model__var_smoothing"": 1e-08}",0.12117986266104824,"[0.05990718112152289, 0.05137270429069683, 0.252259702570925]"
Decision tree,"{""model__min_samples_leaf"": 20}",0.08870069670812335,"[0.057465269819908585, 0.051676721513484285, 0.1569600987909772]"
Decision tree,"{""model__min_samples_leaf"": 100}",0.08576242663832152,"[0.057603352412947756, 0.053055905035901685, 0.14662802246611512]"
Random forest,"{""model__min_samples_leaf"": 20}",0.11197134411469134,"[0.05785259685871895, 0.04810632392235656, 0.22995511156299853]"
Random forest,"{""model__min_samples_leaf"": 5}",0.10753595497132895,"[0.05517863126560241, 0.05154779855092695, 0.2158814350974575]"
Extra Trees,"{""model__min_samples_leaf"": 20}",0.09818085910278666,"[0.055109425060661354, 0.04694292632473225, 0.19249022592296638]"
Extra Trees,"{""model__min_samples_leaf"": 5}",0.0963102187542564,"[0.0537712471250167, 0.05183425403045784, 0.18332515510729466]"
Histogram gradient boosting,"{""model__learning_rate"": 0.05}",0.10593027082507789,"[0.06064355749332184, 0.0492532136094369, 0.20789404137247494]"
Histogram gradient boosting,"{""model__learning_rate"": 0.1}",0.1028200094060598,"[0.05784430478475697, 0.04981296121237842, 0.20080276222104404]"
