column,level,rate,records,rate_lo,rate_hi
contact,cellular,0.1474,26144,0.1431,0.1517
contact,telephone,0.0523,15044,0.0489,0.0560
poutcome,failure,0.1423,4252,0.1321,0.1531
poutcome,nonexistent,0.0883,35563,0.0854,0.0913
poutcome,success,0.6511,1373,0.6255,0.6759
month,apr,0.2048,2632,0.1898,0.2206
month,aug,0.1060,6178,0.0986,0.1139
month,dec,0.4890,182,0.4174,0.5611
month,jul,0.0905,7174,0.0840,0.0973
month,jun,0.1051,5318,0.0972,0.1136
month,mar,0.5055,546,0.4637,0.5472
month,may,0.0643,13769,0.0604,0.0686
month,nov,0.1014,4101,0.0926,0.1111
month,oct,0.4387,718,0.4028,0.4752
month,sep,0.4491,570,0.4088,0.4902
job,admin.,0.1297,10422,0.1234,0.1363
job,blue-collar,0.0689,9254,0.0640,0.0743
job,entrepreneur,0.0852,1456,0.0719,0.1006
job,housemaid,0.1000,1060,0.0834,0.1195
job,management,0.1122,2924,0.1012,0.1241
job,retired,0.2523,1720,0.2324,0.2734
job,self-employed,0.1049,1421,0.0900,0.1219
job,services,0.0814,3969,0.0733,0.0903
job,student,0.3143,875,0.2844,0.3458
job,technician,0.1083,6743,0.1011,0.1159
job,unemployed,0.1420,1014,0.1219,0.1649
job,unknown,0.1121,330,0.0824,0.1507
education,basic.4y,0.1025,4176,0.0937,0.1121
education,basic.6y,0.0820,2292,0.0715,0.0940
education,basic.9y,0.0782,6045,0.0717,0.0853
education,high.school,0.1084,9515,0.1023,0.1148
education,illiterate,0.2222,18,0.0900,0.4522
education,professional.course,0.1135,5243,0.1052,0.1224
education,university.degree,0.1372,12168,0.1312,0.1434
education,unknown,0.1450,1731,0.1292,0.1624
default,no,0.1288,32588,0.1252,0.1325
default,unknown,0.0515,8597,0.0471,0.0564
default,yes,0.0000,3,0.0000,0.5615
