column,level,records,positives,observed_rate,rate_lo,rate_hi,mean_score,mean_score_inside_rate_interval,false_negatives,false_negative_rate_among_positives,fn_rate_lo,fn_rate_hi,share_selected
contact,cellular,5236,779,0.1488,0.1394,0.1587,0.1458,True,247,0.3171,0.2854,0.3506,0.2139
contact,telephone,3002,149,0.0496,0.0424,0.0580,0.0528,True,107,0.7181,0.6411,0.7842,0.0423
poutcome,failure,823,111,0.1349,0.1132,0.1599,0.1441,True,32,0.2883,0.2122,0.3785,0.2855
poutcome,nonexistent,7147,640,0.0895,0.0831,0.0964,0.0893,True,321,0.5016,0.4629,0.5402,0.1058
poutcome,success,268,177,0.6604,0.6018,0.7145,0.6172,True,1,0.0056,0.0010,0.0313,0.9552
month,apr,547,112,0.2048,0.1731,0.2406,0.1988,True,14,0.1250,0.0759,0.1989,0.4095
month,aug,1230,124,0.1008,0.0852,0.1189,0.1109,True,47,0.3790,0.2985,0.4668,0.1569
month,dec,39,17,0.4359,0.2930,0.5902,0.4453,True,0,0.0000,0.0000,0.1843,0.8974
month,jul,1411,117,0.0829,0.0696,0.0985,0.0864,True,80,0.6838,0.5948,0.7610,0.0609
month,jun,1071,118,0.1102,0.0928,0.1303,0.1125,True,31,0.2627,0.1917,0.3487,0.1774
month,mar,110,59,0.5364,0.4435,0.6268,0.4758,True,0,0.0000,0.0000,0.0611,1.0000
month,may,2758,187,0.0678,0.0590,0.0778,0.0630,True,151,0.8075,0.7450,0.8576,0.0279
month,nov,835,84,0.1006,0.0820,0.1229,0.1055,True,30,0.3571,0.2630,0.4638,0.1234
month,oct,131,61,0.4656,0.3824,0.5508,0.4383,True,1,0.0164,0.0029,0.0872,0.9847
month,sep,106,49,0.4623,0.3703,0.5568,0.4312,True,0,0.0000,0.0000,0.0727,0.9434
job,admin.,2108,282,0.1338,0.1199,0.1490,0.1300,True,82,0.2908,0.2409,0.3463,0.1902
job,blue-collar,1813,123,0.0678,0.0572,0.0804,0.0683,True,88,0.7154,0.6301,0.7877,0.0452
job,entrepreneur,296,24,0.0811,0.0551,0.1178,0.0868,True,14,0.5833,0.3883,0.7553,0.0777
job,housemaid,205,20,0.0976,0.0640,0.1459,0.1094,True,3,0.1500,0.0524,0.3604,0.1512
job,management,579,59,0.1019,0.0798,0.1292,0.1069,True,23,0.3898,0.2758,0.5173,0.1434
job,retired,354,86,0.2429,0.2012,0.2902,0.2634,True,10,0.1163,0.0644,0.2010,0.4859
job,self-employed,322,30,0.0932,0.0660,0.1299,0.0987,True,14,0.4667,0.3023,0.6386,0.1429
job,services,773,69,0.0893,0.0711,0.1114,0.0793,True,40,0.5797,0.4621,0.6889,0.0828
job,student,164,58,0.3537,0.2846,0.4294,0.3062,True,8,0.1379,0.0716,0.2493,0.6098
job,technician,1343,145,0.1080,0.0925,0.1257,0.1070,True,62,0.4276,0.3500,0.5090,0.1385
job,unemployed,216,28,0.1296,0.0912,0.1810,0.1228,True,9,0.3214,0.1793,0.5066,0.2130
job,unknown,65,4,0.0615,0.0242,0.1478,0.1169,True,1,0.2500,0.0456,0.6994,0.2000
