feature,value,rows,base_rate,mean_score,called
contact,cellular,5236,0.14877769289533996,0.14701322078849607,0.27291825821237586
contact,telephone,3002,0.04963357761492338,0.050521884606893316,0.05263157894736842
poutcome,failure,823,0.13487241798298907,0.14113984931048124,0.33657351154313486
poutcome,nonexistent,7147,0.0895480621239681,0.08924056495472671,0.14621519518679166
poutcome,success,268,0.6604477611940298,0.6248787609123189,0.9888059701492538
month,apr,547,0.20475319926873858,0.1960457712765881,0.5484460694698354
month,aug,1230,0.1008130081300813,0.1093708289903678,0.16666666666666666
month,dec,39,0.4358974358974359,0.4630228687683663,0.9230769230769231
month,jul,1411,0.08291991495393337,0.0865928748592744,0.07087172218284904
month,jun,1071,0.11017740429505135,0.1102683153080287,0.1839402427637722
month,mar,110,0.5363636363636364,0.5157231835972526,1.0
month,may,2758,0.0678027556200145,0.06289184447974099,0.10297316896301668
month,nov,835,0.10059880239520957,0.10213205158374584,0.14491017964071856
month,oct,131,0.46564885496183206,0.4499874418552697,0.9923664122137404
month,sep,106,0.46226415094339623,0.4425762817209477,0.9811320754716981
job,admin.,2108,0.13377609108159394,0.1307188805204141,0.23719165085388993
job,blue-collar,1813,0.06784335355763928,0.06783816236858382,0.0766685052399338
job,entrepreneur,296,0.08108108108108109,0.08492108571772762,0.11824324324324324
job,housemaid,205,0.0975609756097561,0.10332882829018296,0.18536585365853658
job,management,579,0.10189982728842832,0.10620325051342093,0.18307426597582038
job,retired,354,0.24293785310734464,0.27133089631957147,0.5338983050847458
job,self-employed,322,0.09316770186335403,0.0949439091969132,0.18012422360248448
job,services,773,0.08926261319534282,0.0803119606266233,0.12807244501940493
job,student,164,0.35365853658536583,0.3041972805215559,0.6890243902439024
job,technician,1343,0.10796723752792256,0.10627324663385045,0.17944899478778853
job,unemployed,216,0.12962962962962962,0.12317101859292355,0.25462962962962965
job,unknown,65,0.06153846153846154,0.10998021591071261,0.2153846153846154
