feature,importance,std
pdays,0.03928553664986225,0.004886693949895621
nr.employed,0.02871031296264821,0.004867048136648774
euribor3m,0.02522760291621514,0.0026154598890368646
contact,0.020001047383066628,0.0011433509417948416
month,0.014284730139045687,0.0022923704836899854
poutcome,0.011371878068364672,0.0025267342709227704
emp.var.rate,0.011171412711378581,0.0032256315589794284
day_of_week,0.009774411248012316,0.002571119339947887
campaign,0.009549721801753707,0.0027905000011398473
age,0.0035654323915528586,0.0021178869136088594
education,0.0014240296994720292,0.0010641561828953101
previous,0.0012918015631110057,0.0009868898519798418
job,0.0009130095484675138,0.0017894425517381003
marital,0.0007868555595349602,0.0005363054427704812
cons.price.idx,0.0006231442609183735,0.002479777896050799
default,0.0003124233436277102,0.0005703841231885618
loan,0.00018346147519588963,0.00025670003042685944
cons.conf.idx,-0.00046243473531824006,0.0013198561101839374
housing,-0.0006574838631106305,0.00031346375693656973
