model,ap,ap_lo,ap_hi,diff_vs_best_mean,diff_vs_best_lo,diff_vs_best_hi
Prior (no model),0.11264870114105366,0.10650339888322408,0.11926741927652343,-0.38553133700289133,-0.4155422801385959,-0.35476515087254823
Logistic regression,0.46513017955612174,0.4329058680289687,0.5001692521961242,-0.03203020400194364,-0.045627605146108946,-0.01738247769774913
Linear SVM (calibrated),0.46156411762085814,0.43005935336460416,0.49607581952190943,-0.035664039301646994,-0.04946222895896924,-0.01864813098303574
Gaussian Naive Bayes,0.4130830936085353,0.3837871064760316,0.44549771038180525,-0.0845357211485054,-0.10606023668421577,-0.06440586625743168
k-nearest neighbors,0.45649122420618643,0.423997946509216,0.4898772324504044,-0.040381649454514376,-0.05539030729065053,-0.026986648307090504
Small neural net (MLP),0.47713031583213794,0.4460909507286121,0.507826253508636,-0.019908312915441494,-0.03062526362585222,-0.009500923361170172
Decision tree,0.46838108378320564,0.4360739828261439,0.5032088594374394,-0.02817307815039657,-0.04104342525090396,-0.015602741107324554
Random forest,0.49017653266839284,0.4579124715967872,0.5241376414545966,-0.006097871047694037,-0.014405510935750035,0.0016403078085929904
Extra trees,0.4848969442183736,0.4536570699289648,0.5187268480901043,-0.011672269839875361,-0.019404700040648447,-0.004185735326686357
sklearn HistGradientBoosting,0.49352677908537906,0.46241204624574106,0.526417922456581,-0.0031757784845490218,-0.013187693816042716,0.0058691718796157
XGBoost,0.49017087091130507,0.45830481769997783,0.5239204132652705,-0.006374646035318649,-0.013571591285130052,4.041126787277086e-05
LightGBM,0.4964633624642281,0.4662202676649023,0.5297781768426515,0.0,0.0,0.0
CatBoost,0.48744186127882316,0.45585379422147787,0.5228821756915245,-0.009106384143481092,-0.018266736173849964,-0.0007242164672653108
