model,seed,average_precision,roc_auc
Logistic regression,0,0.44792296569550966,0.7879154824520025
Linear SVM (calibrated),0,0.44318238084420675,0.7827589892211897
Gaussian Naive Bayes,0,0.398553697635001,0.7720191695362989
k-nearest neighbors,0,0.4319627315335237,0.7821921140148121
Small neural net (MLP),0,0.4437030137082512,0.7774176405726685
Decision tree,0,0.44392924505116016,0.7827520608283409
Random forest,0,0.4644060125163192,0.7890454001367989
Extra trees,0,0.4561611546209609,0.7885879050898627
sklearn HistGradientBoosting,0,0.46864044641908736,0.8000767282654841
XGBoost,0,0.46476543252045893,0.7992355918911269
LightGBM,0,0.4690078131814512,0.7985754782065191
CatBoost,0,0.4654333946870348,0.8002706495589414
Logistic regression,1,0.4418946820760764,0.7873315810887306
Linear SVM (calibrated),1,0.43659853312386454,0.784217489622152
Gaussian Naive Bayes,1,0.37460747278461154,0.767950360276428
k-nearest neighbors,1,0.4287647396980903,0.7861847846596538
Small neural net (MLP),1,0.4453747041447609,0.7940665685881408
Decision tree,1,0.4278689282624734,0.7836997765224775
Random forest,1,0.45518825134439206,0.7938371945610642
Extra trees,1,0.45396474817893956,0.7934269452568518
sklearn HistGradientBoosting,1,0.46475588153640945,0.8029910019340536
XGBoost,1,0.4575790831869272,0.8040496456200765
LightGBM,1,0.4593600692252517,0.8029887170385396
CatBoost,1,0.4614751138401068,0.8043026793716685
Logistic regression,2,0.46240489519074757,0.794381589343837
Linear SVM (calibrated),2,0.4568241492188394,0.7903314277796122
Gaussian Naive Bayes,2,0.40507762019471505,0.7768183345912544
k-nearest neighbors,2,0.456114932575857,0.789392630548611
Small neural net (MLP),2,0.4644909660871508,0.792357761568942
Decision tree,2,0.452355521639552,0.7838813151563754
Random forest,2,0.4774039198208988,0.7961617440681165
Extra trees,2,0.4771419327490486,0.796647321217982
sklearn HistGradientBoosting,2,0.47894647345107977,0.8029781033303458
XGBoost,2,0.48051464820917916,0.8024691612811925
LightGBM,2,0.484318018678182,0.8024605376432852
CatBoost,2,0.4752940315020343,0.8031642117552714
Logistic regression,3,0.44352279905718184,0.7898954549742913
Linear SVM (calibrated),3,0.441598006512149,0.7854316536157366
Gaussian Naive Bayes,3,0.39470424582403635,0.779388104981367
k-nearest neighbors,3,0.4382612143239751,0.7861634835369594
Small neural net (MLP),3,0.4573889966595049,0.7967616396999859
Decision tree,3,0.4324903534254306,0.7858891486626728
Random forest,3,0.4553053328340986,0.8034285225718194
Extra trees,3,0.45563673660704296,0.8002890761356668
sklearn HistGradientBoosting,3,0.45724489040572613,0.8086394110571253
XGBoost,3,0.4557395404556922,0.8061092209538185
LightGBM,3,0.45980356621362156,0.8062962875607339
CatBoost,3,0.45129582933108914,0.8087968477286664
Logistic regression,4,0.48410816859590367,0.8001621538751827
Linear SVM (calibrated),4,0.47877265850697304,0.7942780319826406
Gaussian Naive Bayes,4,0.4119606802572201,0.7828267990235389
k-nearest neighbors,4,0.4647470371997498,0.7916455375253552
Small neural net (MLP),4,0.48971135574725416,0.8024871456200765
Decision tree,4,0.4820952411897704,0.7995883502759563
Random forest,4,0.5097634301652612,0.8088090829756119
Extra trees,4,0.5032137345913031,0.8041649959903769
sklearn HistGradientBoosting,4,0.5105520530321599,0.8153214774281805
XGBoost,4,0.5087211070425122,0.8168465346242747
LightGBM,4,0.5154021226690404,0.816252830322185
CatBoost,4,0.5041808255065434,0.815910095995094
