model,candidate,is_default,params,cv_ap_mean,cv_ap_std,seconds
Logistic regression,0,True,{},0.4456643829355655,0.0135389903216358,1.443018099991605
Logistic regression,1,False,"{""m__C"": 0.03148911647956861}",0.4433185070834624,0.0111934473511388,1.014591999934055
Logistic regression,2,False,"{""m__C"": 6.351221010640703}",0.4456891136454188,0.0142392843475867,1.2164825000800192
Logistic regression,3,False,"{""m__C"": 0.8471801418819978}",0.4455740120621063,0.0135223017728647,1.8916225000284608
Logistic regression,4,False,"{""m__C"": 0.24810409748678125}",0.4458247212455872,0.0125603028782002,1.3653268999187276
Logistic regression,5,False,"{""m__C"": 0.004207988669606638}",0.4396853252118922,0.0114888630235233,0.9031300999922678
Logistic regression,6,False,"{""m__C"": 0.004207053950287938}",0.439683436468565,0.0114900715677476,0.8312060000607744
Logistic regression,7,False,"{""m__C"": 0.0017073967431528124}",0.4334901547107597,0.0126191480316864,0.9164298000978306
Linear SVM (Platt scaled),0,True,{},0.4426161461929571,0.0117652777760944,3.653171099955216
Linear SVM (Platt scaled),1,False,"{""estimator__m__C"": 0.020059560245279644}",0.4423995020447054,0.0107965081732127,3.4440854999702424
Linear SVM (Platt scaled),2,False,"{""estimator__m__C"": 2.0218499516556734}",0.4426642892780925,0.0117695927869479,4.622825699974783
Linear SVM (Platt scaled),3,False,"{""estimator__m__C"": 0.35093904781414587}",0.4425987003814837,0.011820879030868,5.19599139993079
Linear SVM (Platt scaled),4,False,"{""estimator__m__C"": 0.120672452629196}",0.4426151520079583,0.0118899298668291,5.304192600073293
Linear SVM (Platt scaled),5,False,"{""estimator__m__C"": 0.003487351559952691}",0.440354414432852,0.0111735817626469,5.781394500052556
Linear SVM (Platt scaled),6,False,"{""estimator__m__C"": 0.003486678167045121}",0.4403522418400407,0.0111741288390639,3.572143999976106
Linear SVM (Platt scaled),7,False,"{""estimator__m__C"": 0.001592075878523403}",0.4387150393792232,0.0118770534456174,2.943602000013925
Gaussian Naive Bayes,0,True,{},0.346339241435228,0.0098003357947344,0.8796862000599504
Gaussian Naive Bayes,1,False,"{""m__var_smoothing"": 9.91564456663839e-07}",0.3481345549730641,0.0104239487023281,0.8623612000374123
Gaussian Naive Bayes,2,False,"{""m__var_smoothing"": 0.04033800832600378}",0.3857231273904875,0.0112015227353734,0.8583147999597713
Gaussian Naive Bayes,3,False,"{""m__var_smoothing"": 0.0007177141927992007}",0.350137257548593,0.0107772019895597,0.913183099939488
Gaussian Naive Bayes,4,False,"{""m__var_smoothing"": 6.155564318973005e-05}",0.348111347686146,0.0103766168200714,1.1547958999872208
Gaussian Naive Bayes,5,False,"{""m__var_smoothing"": 1.7707168643537813e-08}",0.3471120555678813,0.0105146934918735,1.2967573999194428
Gaussian Naive Bayes,6,False,"{""m__var_smoothing"": 2.9152036385288267e-09}",0.3465434303349932,0.0098477554047409,1.1434318999527022
Gaussian Naive Bayes,7,False,"{""m__var_smoothing"": 0.008499808989182987}",0.3786772881924687,0.0121166351329694,0.865305699990131
k-nearest neighbours,0,True,{},0.320187378238522,0.0106630636124546,4.741875999956392
k-nearest neighbours,1,False,"{""m__n_neighbors"": 107, ""m__weights"": ""distance""}",0.3505279992195103,0.0055620413297104,4.702142299967818
k-nearest neighbours,2,False,"{""m__n_neighbors"": 97, ""m__weights"": ""uniform""}",0.4318071308311251,0.012051638106152,4.889914599945769
k-nearest neighbours,3,False,"{""m__n_neighbors"": 111, ""m__weights"": ""distance""}",0.3504829782547065,0.0054601908725702,4.4433185999514535
k-nearest neighbours,4,False,"{""m__n_neighbors"": 193, ""m__weights"": ""uniform""}",0.429921782504332,0.0104048374287172,6.948301200056449
k-nearest neighbours,5,False,"{""m__n_neighbors"": 79, ""m__weights"": ""uniform""}",0.4306482121160544,0.0098212672914095,3.6861115000210702
k-nearest neighbours,6,False,"{""m__n_neighbors"": 92, ""m__weights"": ""uniform""}",0.4315050929921516,0.0116267371639208,5.7262059999629855
k-nearest neighbours,7,False,"{""m__n_neighbors"": 104, ""m__weights"": ""distance""}",0.3503085975894636,0.0052559392669691,4.772009799955413
Small neural net (MLP),0,True,{},0.4490783649564216,0.0062389393203046,15.54192799993325
Small neural net (MLP),1,False,"{""m__alpha"": 0.00031489116479568613, ""m__learning_rate_init"": 0.008412863932117017}",0.4472452081050534,0.0107942738616682,18.96336250007153
Small neural net (MLP),2,False,"{""m__alpha"": 0.008471801418819975, ""m__learning_rate_init"": 0.002447966870418659}",0.4467026228696538,0.0097575439615395,16.420093800057657
Small neural net (MLP),3,False,"{""m__alpha"": 4.207988669606632e-05, ""m__learning_rate_init"": 0.000518420294119955}",0.4469069714854491,0.0097514058887185,15.154377299943008
Small neural net (MLP),4,False,"{""m__alpha"": 1.7073967431528103e-05, ""m__learning_rate_init"": 0.006254642575696305}",0.4470058554194,0.0082222602424097,15.499036900000648
Small neural net (MLP),5,False,"{""m__alpha"": 0.002537815508265664, ""m__learning_rate_init"": 0.003592774284371349}",0.4453376176634827,0.0108648644339904,22.312494799960405
Small neural net (MLP),6,False,"{""m__alpha"": 1.2087541473056957e-05, ""m__learning_rate_init"": 0.008998629135538935}",0.4445628414350649,0.0025700647948516,25.20311709993985
Small neural net (MLP),7,False,"{""m__alpha"": 0.021368329072358756, ""m__learning_rate_init"": 0.0006316666864167333}",0.4489527303767177,0.0076233337825396,28.97036689997185
Decision tree,0,True,{},0.1787511119412632,0.0079633010472869,2.869366299943067
Decision tree,1,False,"{""m__max_depth"": 12, ""m__min_samples_leaf"": 275}",0.415704998082185,0.0058802286159026,2.248487400007434
Decision tree,2,False,"{""m__max_depth"": 8, ""m__min_samples_leaf"": 76}",0.4307337270178932,0.0071360110350273,2.08749219996389
Decision tree,3,False,"{""m__max_depth"": null, ""m__min_samples_leaf"": 25}",0.4143909150874943,0.0111909747693164,2.496926599997096
Decision tree,4,False,"{""m__max_depth"": 5, ""m__min_samples_leaf"": 219}",0.4115641049518853,0.0046848761991411,1.6650081999832764
Decision tree,5,False,"{""m__max_depth"": 8, ""m__min_samples_leaf"": 92}",0.431011629492929,0.0051969501219725,1.9302253000205385
Decision tree,6,False,"{""m__max_depth"": null, ""m__min_samples_leaf"": 104}",0.4391924222447683,0.0039528722259442,1.82051909994334
Decision tree,7,False,"{""m__max_depth"": 8, ""m__min_samples_leaf"": 154}",0.4278758260150123,0.0080960495176623,2.031571300001815
Random forest,0,True,{},0.3939595539059607,0.0121224989200995,16.816230399999768
Random forest,1,False,"{""m__max_features"": 0.2872700594236812, ""m__min_samples_leaf"": 29}",0.4621718125596321,0.0143426710192336,19.789124200004157
Random forest,2,False,"{""m__max_features"": 0.1917173949330819, ""m__min_samples_leaf"": 8}",0.4597133789798354,0.0106444811467174,14.977917600073852
Random forest,3,False,"{""m__max_features"": 0.3993292420985183, ""m__min_samples_leaf"": 39}",0.4627415574336886,0.0131813489000958,22.679573599947616
Random forest,4,False,"{""m__max_features"": 0.3229163764267956, ""m__min_samples_leaf"": 23}",0.4640104350045111,0.0128469884540041,15.917617799947038
Random forest,5,False,"{""m__max_features"": 0.12904180608409974, ""m__min_samples_leaf"": 24}",0.4585829138337327,0.0126019233615171,6.634408100042492
Random forest,6,False,"{""m__max_features"": 0.26685430556951095, ""m__min_samples_leaf"": 40}",0.462445245803787,0.0139131545160942,9.209318400011398
Random forest,7,False,"{""m__max_features"": 0.4540362888980227, ""m__min_samples_leaf"": 22}",0.4642473212419553,0.0134375165871705,19.21486670000013
Extra trees,0,True,{},0.3048027068844616,0.006958760339242,21.056885500089265
Extra trees,1,False,"{""m__max_features"": 0.2872700594236812, ""m__min_samples_leaf"": 29}",0.4577933443998816,0.0128501950406748,25.44759220001288
Extra trees,2,False,"{""m__max_features"": 0.1917173949330819, ""m__min_samples_leaf"": 8}",0.4518558767518277,0.0109480340579432,23.02693009993527
Extra trees,3,False,"{""m__max_features"": 0.3993292420985183, ""m__min_samples_leaf"": 39}",0.4561901094474717,0.0115144480938053,26.763320000027303
Extra trees,4,False,"{""m__max_features"": 0.3229163764267956, ""m__min_samples_leaf"": 23}",0.4565144405766849,0.012501510993986,26.311216400004923
Extra trees,5,False,"{""m__max_features"": 0.12904180608409974, ""m__min_samples_leaf"": 24}",0.4571892331636972,0.01049844885822,16.304101099958643
Extra trees,6,False,"{""m__max_features"": 0.26685430556951095, ""m__min_samples_leaf"": 40}",0.4561373003202114,0.012111493085175,19.713155500008725
Extra trees,7,False,"{""m__max_features"": 0.4540362888980227, ""m__min_samples_leaf"": 22}",0.4562899559155606,0.0130355330780321,26.54136939998716
sklearn HistGradientBoosting,0,True,{},0.4512760364936912,0.0108764178291263,19.7638398000272
sklearn HistGradientBoosting,1,False,"{""m__l2_regularization"": 0.04751836912519935, ""m__learning_rate"": 0.262516606324193, ""m__max_leaf_nodes"": 48, ""m__min_samples_leaf"": 81}",0.4392905575186812,0.0082617078943629,6.159068000037223
sklearn HistGradientBoosting,2,False,"{""m__l2_regularization"": 0.4789240251631179, ""m__learning_rate"": 0.030515616964102342, ""m__max_leaf_nodes"": 24, ""m__min_samples_leaf"": 84}",0.4580177060904787,0.0103204866484337,10.693092500092462
sklearn HistGradientBoosting,3,False,"{""m__l2_regularization"": 0.11379232615998332, ""m__learning_rate"": 0.049374393769437024, ""m__max_leaf_nodes"": 45, ""m__min_samples_leaf"": 161}",0.4530125253046033,0.0116305834853441,7.451103999977931
sklearn HistGradientBoosting,4,False,"{""m__l2_regularization"": 0.8205529604374409, ""m__learning_rate"": 0.02330103223409451, ""m__max_leaf_nodes"": 29, ""m__min_samples_leaf"": 167}",0.454327092281124,0.0131725083117672,11.79992250003852
sklearn HistGradientBoosting,5,False,"{""m__l2_regularization"": 0.00892622738184373, ""m__learning_rate"": 0.03272447970178924, ""m__max_leaf_nodes"": 26, ""m__min_samples_leaf"": 170}",0.4564814762254319,0.0125401941672473,6.155291799921542
sklearn HistGradientBoosting,6,False,"{""m__l2_regularization"": 0.023021277110080198, ""m__learning_rate"": 0.08283072221077194, ""m__max_leaf_nodes"": 49, ""m__min_samples_leaf"": 98}",0.4535498944406981,0.0109923823633769,6.125593399978243
sklearn HistGradientBoosting,7,False,"{""m__l2_regularization"": 0.02013113093617532, ""m__learning_rate"": 0.10486361783805698, ""m__max_leaf_nodes"": 47, ""m__min_samples_leaf"": 197}",0.4501949552864325,0.0091727957205207,4.601130099967122
XGBoost,0,True,{},0.44890052393037605,0.013826403655893134,3.8570966999977827
XGBoost,1,False,"{""m__colsample_bytree"": 0.6872700594236812, ""m__learning_rate"": 0.262516606324193, ""m__max_depth"": 4, ""m__min_child_weight"": 21.118915966823938, ""m__subsample"": 0.8387400631785948}",0.45490444648955913,0.015944445013612352,1.7122080000117421
XGBoost,2,False,"{""m__colsample_bytree"": 0.7229163764267956, ""m__learning_rate"": 0.02621860739064525, ""m__max_depth"": 4, ""m__min_child_weight"": 29.621516588303486, ""m__subsample"": 0.8404460046972835}",0.4579359676531851,0.011801902762115528,4.899404100026004
XGBoost,3,False,"{""m__colsample_bytree"": 0.8540362888980227, ""m__learning_rate"": 0.021146536167031597, ""m__max_depth"": 3, ""m__min_child_weight"": 16.852108912838144, ""m__subsample"": 0.9754210836063001}",0.4615541491495883,0.01322518206684657,6.554109900025651
XGBoost,4,False,"{""m__colsample_bytree"": 0.5003893829205072, ""m__learning_rate"": 0.2937388144391991, ""m__max_depth"": 2, ""m__min_child_weight"": 3.2877474139911183, ""m__subsample"": 0.8099025726528951}",0.45354735341550007,0.012300734840177184,1.9183872001012787
XGBoost,5,False,"{""m__colsample_bytree"": 0.7159725093210578, ""m__learning_rate"": 0.04400905486948213, ""m__max_depth"": 4, ""m__min_child_weight"": 4.779162492236321, ""m__subsample"": 0.6186662652854461}",0.45698586509194516,0.009732106251122724,4.711797800031491
XGBoost,6,False,"{""m__colsample_bytree"": 0.9868777594207296, ""m__learning_rate"": 0.03756560040604225, ""m__max_depth"": 7, ""m__min_child_weight"": 21.576967455896824, ""m__subsample"": 0.6798695128633439}",0.4541107593285225,0.014111205125275934,3.8989679999649525
XGBoost,7,False,"{""m__colsample_bytree"": 0.7571172192068059, ""m__learning_rate"": 0.09948637159577052, ""m__max_depth"": 4, ""m__min_child_weight"": 28.907661229971016, ""m__subsample"": 0.8721230154351118}",0.45779661256519866,0.01270045769757972,1.9388783000176772
LightGBM,0,True,{},0.4611383948379079,0.010454984939374586,1.1900280000409111
LightGBM,1,False,"{""m__colsample_bytree"": 0.6872700594236812, ""m__learning_rate"": 0.262516606324193, ""m__min_child_samples"": 116, ""m__num_leaves"": 11, ""m__subsample"": 0.8394633936788146}",0.45479558215231136,0.009587075284479323,0.8352807000046596
LightGBM,2,False,"{""m__colsample_bytree"": 0.5780093202212182, ""m__learning_rate"": 0.03051362379613698, ""m__min_child_samples"": 84, ""m__num_leaves"": 14, ""m__subsample"": 0.9464704583099741}",0.46459333602815084,0.012543754192923156,2.728032400016673
LightGBM,3,False,"{""m__colsample_bytree"": 0.8005575058716043, ""m__learning_rate"": 0.13607801490147406, ""m__min_child_samples"": 159, ""m__num_leaves"": 56, ""m__subsample"": 0.9879639408647978}",0.460822895181862,0.014824857163074967,1.6265073999529704
LightGBM,4,False,"{""m__colsample_bytree"": 0.9162213204002109, ""m__learning_rate"": 0.035543498097189236, ""m__min_child_samples"": 197, ""m__num_leaves"": 24, ""m__subsample"": 0.8469926038510867}",0.4580187725517335,0.012004796710174546,2.893208699999377
LightGBM,5,False,"{""m__colsample_bytree"": 0.8058265802441404, ""m__learning_rate"": 0.020386403485316923, ""m__min_child_samples"": 98, ""m__num_leaves"": 52, ""m__subsample"": 0.8099098641033556}",0.463649133394425,0.012209106229296853,3.5506642999826
LightGBM,6,False,"{""m__colsample_bytree"": 0.6999304858576277, ""m__learning_rate"": 0.022694105750550787, ""m__min_child_samples"": 197, ""m__num_leaves"": 19, ""m__subsample"": 0.6931085361721216}",0.4574376656221942,0.01206704860581992,3.3802584999939427
LightGBM,7,False,"{""m__colsample_bytree"": 0.5453032172664104, ""m__learning_rate"": 0.10673537394397253, ""m__min_child_samples"": 117, ""m__num_leaves"": 58, ""m__subsample"": 0.9932923543227152}",0.46051224194318063,0.009769605263515353,1.3942526000319049
CatBoost,0,True,{},0.454918545249601,0.008027594778240455,82.56722119997721
CatBoost,1,False,"{""m__depth"": 6, ""m__l2_leaf_reg"": 25.369990766817715, ""m__learning_rate"": 0.1618509290001068}",0.4540962178491165,0.008471410157483155,45.61311749997549
CatBoost,2,False,"{""m__depth"": 7, ""m__l2_leaf_reg"": 7.614125909890607, ""m__learning_rate"": 0.08374405912358615}",0.4553473199757772,0.008201897258146424,74.02007219998632
CatBoost,3,False,"{""m__depth"": 5, ""m__l2_leaf_reg"": 4.768329952832195, ""m__learning_rate"": 0.06468891483556281}",0.45647792458504516,0.010546316966656337,126.38388949993532
CatBoost,4,False,"{""m__depth"": 5, ""m__l2_leaf_reg"": 1.0725209743171995, ""m__learning_rate"": 0.27991818073277003}",0.45327520434369006,0.012634733854059717,34.1856201000046
CatBoost,5,False,"{""m__depth"": 6, ""m__l2_leaf_reg"": 24.341994231042282, ""m__learning_rate"": 0.03005384349946412}",0.4549929899332988,0.009375085942660824,138.03515719994903
CatBoost,6,False,"{""m__depth"": 6, ""m__l2_leaf_reg"": 1.8659959624904914, ""m__learning_rate"": 0.060445433652475976}",0.4532365418847186,0.008755817402923905,181.77208559995051
CatBoost,7,False,"{""m__depth"": 8, ""m__l2_leaf_reg"": 1.024325040703381, ""m__learning_rate"": 0.031636153913109546}",0.45196441827825434,0.007570083909632551,116.57869929994922
