term,coef,odds_ratio,or_lo,or_hi,share_boot_same_sign
job_blue-collar,-0.1263,0.8813,0.7601,1.0174,0.9500
job_entrepreneur,-0.0296,0.9709,0.7405,1.1663,0.6700
job_housemaid,-0.0746,0.9281,0.7310,1.1553,0.6600
job_management,-0.0136,0.9865,0.8239,1.1449,0.5300
job_retired,0.3146,1.3697,1.1006,1.6757,1.0000
job_self-employed,-0.0406,0.9602,0.7937,1.1693,0.6900
job_services,-0.1398,0.8695,0.7534,0.9890,0.9800
job_student,0.1518,1.1639,0.9411,1.4671,0.9400
job_technician,0.0066,1.0066,0.8664,1.1463,0.4800
job_unemployed,-0.0143,0.9858,0.7534,1.2158,0.5600
job_unknown,0.0058,1.0058,0.5189,1.5934,0.4900
marital_divorced,-0.0677,0.9346,0.8255,1.0932,0.7900
marital_single,0.0666,1.0689,0.9802,1.1940,0.9200
marital_unknown,0.3582,1.4308,0.7653,2.6881,0.8700
education_basic.4y,-0.1003,0.9046,0.7344,1.0476,0.8900
education_basic.6y,0.0463,1.0474,0.8214,1.2951,0.6600
education_basic.9y,-0.1571,0.8546,0.7497,1.0207,0.9600
education_high.school,-0.0757,0.9271,0.8162,1.0376,0.8900
education_illiterate,0.2491,1.2829,0.8070,2.2197,0.8500
education_professional.course,-0.0872,0.9165,0.7810,1.0366,0.8800
education_unknown,0.0052,1.0052,0.8522,1.2135,0.6100
default_unknown,-0.2381,0.7881,0.6917,0.8773,1.0000
default_yes,-0.0329,0.9676,0.9340,0.9965,0.9700
housing_no,0.0551,1.0566,0.9602,1.1450,0.9000
housing_unknown,0.0428,1.0438,0.9020,1.1862,0.7600
loan_unknown,0.0428,1.0438,0.9020,1.1862,0.7600
loan_yes,0.0172,1.0174,0.9395,1.1686,0.7400
contact_telephone,-0.7455,0.4745,0.4111,0.5426,1.0000
month_apr,0.4177,1.5185,1.3593,1.8705,1.0000
month_aug,0.8859,2.4251,2.0031,2.7974,1.0000
month_dec,0.8704,2.3878,1.7912,3.4700,1.0000
month_jul,0.4604,1.5847,1.3580,1.8688,1.0000
month_jun,-0.2386,0.7877,0.6161,1.0731,0.8700
month_mar,1.8719,6.5004,4.9615,7.7808,1.0000
month_nov,-0.0338,0.9667,0.8192,1.1344,0.6300
month_oct,0.4476,1.5646,1.2073,1.8290,1.0000
month_sep,0.6400,1.8966,1.4181,2.3908,1.0000
day_of_week_fri,-0.0587,0.9430,0.8344,1.0319,0.8400
day_of_week_mon,-0.2547,0.7751,0.7047,0.8701,1.0000
day_of_week_tue,-0.0063,0.9937,0.8749,1.0958,0.5600
day_of_week_wed,0.0985,1.1035,0.9786,1.2217,0.9400
poutcome_failure,-0.3788,0.6847,0.5755,0.8088,1.0000
poutcome_success,0.3202,1.3774,1.0214,2.1582,0.9800
age,-0.0045,0.9956,0.9558,1.0402,0.5100
pdays,-0.2164,0.8054,0.7499,0.8689,1.0000
previous,-0.0444,0.9565,0.9133,1.0087,0.9500
emp.var.rate,-2.3144,0.0988,0.0684,0.1628,1.0000
cons.price.idx,1.1868,3.2766,2.3610,4.0029,1.0000
cons.conf.idx,0.1311,1.1400,1.0682,1.2176,1.0000
euribor3m,0.3841,1.4684,0.9828,2.2793,0.9700
nr.employed,0.4587,1.5820,0.9386,2.1446,0.9600
