threshold,row,precision,recall,f1-score,support
0.50000,no,0.90863,0.98769,0.94651,7310.00000
0.50000,yes,0.69178,0.21767,0.33115,928.00000
0.50000,accuracy,,,0.90095,8238.00000
0.50000,macro avg,0.80021,0.60268,0.63883,8238.00000
0.50000,weighted avg,0.88421,0.90095,0.87719,8238.00000
0.25000,no,0.93707,0.93297,0.93502,7310.00000
0.25000,yes,0.48958,0.50647,0.49788,928.00000
0.25000,accuracy,,,0.88492,8238.00000
0.25000,macro avg,0.71333,0.71972,0.71645,8238.00000
0.25000,weighted avg,0.88666,0.88492,0.88577,8238.00000
0.12500,no,0.94972,0.86813,0.90709,7310.00000
0.12500,yes,0.38046,0.63793,0.47665,928.00000
0.12500,accuracy,,,0.84219,8238.00000
0.12500,macro avg,0.66509,0.75303,0.69187,8238.00000
0.12500,weighted avg,0.88559,0.84219,0.85860,8238.00000
