model,policy,threshold,records_selected,share_selected,precision,recall,contribution,random_same_size,gain_vs_everyone,gain_vs_prior_rule
Logistic regression,break-even (1/8),0.1250,1563,0.1897,0.3775,0.6358,3157.0000,-155.6000,3971.0000,2009.0000
Logistic regression,out-of-fold threshold,0.1510,1422,0.1726,0.4051,0.6207,3186.0000,-142.3000,4000.0000,2038.0000
Logistic regression,default cut-off 0.5,0.5000,296,0.0359,0.7027,0.2241,1368.0000,-28.4200,2182.0000,220.0000
Linear SVM (Platt scaled),break-even (1/8),0.1250,1379,0.1674,0.4177,0.6207,3229.0000,-137.0000,4043.0000,2081.0000
Linear SVM (Platt scaled),out-of-fold threshold,0.1279,1354,0.1644,0.4239,0.6185,3238.0000,-142.2400,4052.0000,2090.0000
Linear SVM (Platt scaled),default cut-off 0.5,0.5000,284,0.0345,0.7077,0.2166,1324.0000,-25.5600,2138.0000,176.0000
Gaussian Naive Bayes,break-even (1/8),0.1250,1627,0.1975,0.3528,0.6185,2965.0000,-161.8400,3779.0000,1817.0000
Gaussian Naive Bayes,out-of-fold threshold,0.0529,1808,0.2195,0.3291,0.6412,2952.0000,-176.5800,3766.0000,1804.0000
Gaussian Naive Bayes,default cut-off 0.5,0.5000,1204,0.1462,0.3854,0.5000,2508.0000,-122.2400,3322.0000,1360.0000
k-nearest neighbours,break-even (1/8),0.1250,1474,0.1789,0.3976,0.6315,3214.0000,-139.1400,4028.0000,2066.0000
k-nearest neighbours,out-of-fold threshold,0.1443,1406,0.1707,0.4097,0.6207,3202.0000,-145.4600,4016.0000,2054.0000
k-nearest neighbours,default cut-off 0.5,0.5000,281,0.0341,0.7046,0.2134,1303.0000,-25.4000,2117.0000,155.0000
Small neural net (MLP),break-even (1/8),0.1250,1431,0.1737,0.4081,0.6293,3241.0000,-142.1000,4055.0000,2093.0000
Small neural net (MLP),out-of-fold threshold,0.1288,1413,0.1715,0.4119,0.6272,3243.0000,-137.5600,4057.0000,2095.0000
Small neural net (MLP),default cut-off 0.5,0.5000,277,0.0336,0.6931,0.2069,1259.0000,-28.4400,2073.0000,111.0000
Decision tree,break-even (1/8),0.1250,1715,0.2082,0.3539,0.6541,3141.0000,-170.4000,3955.0000,1993.0000
Decision tree,out-of-fold threshold,0.1513,1489,0.1807,0.3969,0.6369,3239.0000,-142.2600,4053.0000,2091.0000
Decision tree,default cut-off 0.5,0.5000,367,0.0445,0.6649,0.2629,1585.0000,-38.9400,2399.0000,437.0000
Random forest,break-even (1/8),0.1250,1508,0.1831,0.4032,0.6552,3356.0000,-149.2000,4170.0000,2208.0000
Random forest,out-of-fold threshold,0.1432,1405,0.1706,0.4263,0.6455,3387.0000,-147.5800,4201.0000,2239.0000
Random forest,default cut-off 0.5,0.5000,365,0.0443,0.6658,0.2619,1579.0000,-36.7400,2393.0000,431.0000
Extra trees,break-even (1/8),0.1250,1520,0.1845,0.3934,0.6444,3264.0000,-155.6200,4078.0000,2116.0000
Extra trees,out-of-fold threshold,0.1447,1397,0.1696,0.4195,0.6315,3291.0000,-139.9400,4105.0000,2143.0000
Extra trees,default cut-off 0.5,0.5000,347,0.0421,0.6772,0.2532,1533.0000,-31.1600,2347.0000,385.0000
sklearn HistGradientBoosting,break-even (1/8),0.1250,1404,0.1704,0.4209,0.6369,3324.0000,-140.8000,4138.0000,2176.0000
sklearn HistGradientBoosting,out-of-fold threshold,0.1365,1343,0.1630,0.4348,0.6293,3329.0000,-133.3400,4143.0000,2181.0000
sklearn HistGradientBoosting,default cut-off 0.5,0.5000,342,0.0415,0.6901,0.2543,1546.0000,-32.1000,2360.0000,398.0000
XGBoost,break-even (1/8),0.1250,1450,0.1760,0.4117,0.6433,3326.0000,-142.9600,4140.0000,2178.0000
XGBoost,out-of-fold threshold,0.1508,1342,0.1629,0.4337,0.6272,3314.0000,-127.9600,4128.0000,2166.0000
XGBoost,default cut-off 0.5,0.5000,286,0.0347,0.6958,0.2144,1306.0000,-28.6200,2120.0000,158.0000
LightGBM,break-even (1/8),0.1250,1402,0.1702,0.4223,0.6379,3334.0000,-136.0800,4148.0000,2186.0000
LightGBM,out-of-fold threshold,0.1681,1247,0.1514,0.4603,0.6185,3345.0000,-126.3000,4159.0000,2197.0000
LightGBM,default cut-off 0.5,0.5000,342,0.0415,0.6842,0.2522,1530.0000,-34.1800,2344.0000,382.0000
CatBoost,break-even (1/8),0.1250,1398,0.1697,0.4206,0.6336,3306.0000,-137.1600,4120.0000,2158.0000
CatBoost,out-of-fold threshold,0.1409,1344,0.1631,0.4308,0.6239,3288.0000,-128.5200,4102.0000,2140.0000
CatBoost,default cut-off 0.5,0.5000,312,0.0379,0.7083,0.2381,1456.0000,-32.6400,2270.0000,308.0000
