model,capacity,break_even_guard,records_selected,precision,recall,contribution,random_same_size
Logistic regression,200,False,200,0.7350,0.1584,976.0000,-15.2000
Logistic regression,200,True,200,0.7350,0.1584,976.0000,-17.2800
Logistic regression,500,False,500,0.5920,0.3190,1868.0000,-49.4400
Logistic regression,500,True,500,0.5920,0.3190,1868.0000,-50.6400
Logistic regression,1000,False,1000,0.4850,0.5226,2880.0000,-101.2800
Logistic regression,1000,True,1000,0.4850,0.5226,2880.0000,-92.6400
Logistic regression,1500,False,1500,0.3900,0.6304,3180.0000,-146.8800
Logistic regression,1500,True,1500,0.3900,0.6304,3180.0000,-142.1600
Logistic regression,2500,False,2500,0.2688,0.7241,2876.0000,-268.0000
Logistic regression,2500,True,1563,0.3775,0.6358,3157.0000,-159.8000
Linear SVM (Platt scaled),200,False,200,0.7400,0.1595,984.0000,-21.7600
Linear SVM (Platt scaled),200,True,200,0.7400,0.1595,984.0000,-17.4400
Linear SVM (Platt scaled),500,False,500,0.5780,0.3114,1812.0000,-45.6800
Linear SVM (Platt scaled),500,True,500,0.5780,0.3114,1812.0000,-50.5600
Linear SVM (Platt scaled),1000,False,1000,0.4820,0.5194,2856.0000,-99.5200
Linear SVM (Platt scaled),1000,True,1000,0.4820,0.5194,2856.0000,-104.7200
Linear SVM (Platt scaled),1500,False,1500,0.3900,0.6304,3180.0000,-142.4000
Linear SVM (Platt scaled),1500,True,1379,0.4177,0.6207,3229.0000,-133.4800
Linear SVM (Platt scaled),2500,False,2500,0.2680,0.7220,2860.0000,-256.6400
Linear SVM (Platt scaled),2500,True,1379,0.4177,0.6207,3229.0000,-145.2400
Gaussian Naive Bayes,200,False,200,0.6650,0.1433,864.0000,-22.4000
Gaussian Naive Bayes,200,True,200,0.6650,0.1433,864.0000,-17.9200
Gaussian Naive Bayes,500,False,500,0.5240,0.2823,1596.0000,-51.6800
Gaussian Naive Bayes,500,True,500,0.5240,0.2823,1596.0000,-56.6400
Gaussian Naive Bayes,1000,False,1000,0.4180,0.4504,2344.0000,-99.2800
Gaussian Naive Bayes,1000,True,1000,0.4180,0.4504,2344.0000,-103.3600
Gaussian Naive Bayes,1500,False,1500,0.3627,0.5862,2852.0000,-142.1600
Gaussian Naive Bayes,1500,True,1500,0.3627,0.5862,2852.0000,-135.6800
Gaussian Naive Bayes,2500,False,2500,0.2656,0.7155,2812.0000,-232.4800
Gaussian Naive Bayes,2500,True,1627,0.3528,0.6185,2965.0000,-154.2000
k-nearest neighbours,200,False,200,0.7350,0.1584,976.0000,-20.1600
k-nearest neighbours,200,True,200,0.7350,0.1584,976.0000,-15.8400
k-nearest neighbours,500,False,500,0.5960,0.3211,1884.0000,-53.1200
k-nearest neighbours,500,True,500,0.5960,0.3211,1884.0000,-58.1600
k-nearest neighbours,1000,False,1000,0.4830,0.5205,2864.0000,-100.7200
k-nearest neighbours,1000,True,1000,0.4830,0.5205,2864.0000,-105.8400
k-nearest neighbours,1500,False,1500,0.3933,0.6358,3220.0000,-145.3600
k-nearest neighbours,1500,True,1474,0.3976,0.6315,3214.0000,-135.6800
k-nearest neighbours,2500,False,2500,0.2664,0.7177,2828.0000,-235.6800
k-nearest neighbours,2500,True,1474,0.3976,0.6315,3214.0000,-161.1200
Small neural net (MLP),200,False,200,0.7250,0.1562,960.0000,-23.1200
Small neural net (MLP),200,True,200,0.7250,0.1562,960.0000,-11.7600
Small neural net (MLP),500,False,500,0.6020,0.3244,1908.0000,-56.5600
Small neural net (MLP),500,True,500,0.6020,0.3244,1908.0000,-39.6000
Small neural net (MLP),1000,False,1000,0.4870,0.5248,2896.0000,-98.3200
Small neural net (MLP),1000,True,1000,0.4870,0.5248,2896.0000,-92.1600
Small neural net (MLP),1500,False,1500,0.3920,0.6336,3204.0000,-150.8000
Small neural net (MLP),1500,True,1431,0.4081,0.6293,3241.0000,-151.4000
Small neural net (MLP),2500,False,2500,0.2720,0.7328,2940.0000,-250.3200
Small neural net (MLP),2500,True,1431,0.4081,0.6293,3241.0000,-138.4400
Decision tree,200,False,200,0.7050,0.1519,928.0000,-21.3600
Decision tree,200,True,200,0.7050,0.1519,928.0000,-20.6400
Decision tree,500,False,500,0.6040,0.3254,1916.0000,-47.7600
Decision tree,500,True,500,0.6040,0.3254,1916.0000,-57.6800
Decision tree,1000,False,1000,0.5020,0.5409,3016.0000,-100.2400
Decision tree,1000,True,1000,0.5020,0.5409,3016.0000,-90.0800
Decision tree,1500,False,1500,0.3947,0.6379,3236.0000,-148.4000
Decision tree,1500,True,1500,0.3947,0.6379,3236.0000,-151.4400
Decision tree,2500,False,2500,0.2656,0.7155,2812.0000,-254.3200
Decision tree,2500,True,1715,0.3539,0.6541,3141.0000,-166.3600
Random forest,200,False,200,0.7500,0.1616,1000.0000,-20.9600
Random forest,200,True,200,0.7500,0.1616,1000.0000,-24.5600
Random forest,500,False,500,0.6340,0.3416,2036.0000,-53.8400
Random forest,500,True,500,0.6340,0.3416,2036.0000,-51.4400
Random forest,1000,False,1000,0.5020,0.5409,3016.0000,-91.0400
Random forest,1000,True,1000,0.5020,0.5409,3016.0000,-94.0000
Random forest,1500,False,1500,0.4053,0.6552,3364.0000,-153.4400
Random forest,1500,True,1500,0.4053,0.6552,3364.0000,-139.5200
Random forest,2500,False,2500,0.2724,0.7338,2948.0000,-226.0800
Random forest,2500,True,1508,0.4032,0.6552,3356.0000,-162.6400
Extra trees,200,False,200,0.7450,0.1606,992.0000,-18.7200
Extra trees,200,True,200,0.7450,0.1606,992.0000,-15.6800
Extra trees,500,False,500,0.6180,0.3330,1972.0000,-57.2000
Extra trees,500,True,500,0.6180,0.3330,1972.0000,-51.5200
Extra trees,1000,False,1000,0.5000,0.5388,3000.0000,-110.8000
Extra trees,1000,True,1000,0.5000,0.5388,3000.0000,-90.9600
Extra trees,1500,False,1500,0.3967,0.6412,3260.0000,-147.8400
Extra trees,1500,True,1500,0.3967,0.6412,3260.0000,-153.6000
Extra trees,2500,False,2500,0.2696,0.7263,2892.0000,-271.0400
Extra trees,2500,True,1520,0.3934,0.6444,3264.0000,-132.4000
sklearn HistGradientBoosting,200,False,200,0.7500,0.1616,1000.0000,-30.0000
sklearn HistGradientBoosting,200,True,200,0.7500,0.1616,1000.0000,-26.5600
sklearn HistGradientBoosting,500,False,500,0.6360,0.3427,2044.0000,-47.6800
sklearn HistGradientBoosting,500,True,500,0.6360,0.3427,2044.0000,-50.0000
sklearn HistGradientBoosting,1000,False,1000,0.5080,0.5474,3064.0000,-95.8400
sklearn HistGradientBoosting,1000,True,1000,0.5080,0.5474,3064.0000,-97.0400
sklearn HistGradientBoosting,1500,False,1500,0.4027,0.6509,3332.0000,-143.1200
sklearn HistGradientBoosting,1500,True,1404,0.4209,0.6369,3324.0000,-134.5600
sklearn HistGradientBoosting,2500,False,2500,0.2776,0.7478,3052.0000,-246.8000
sklearn HistGradientBoosting,2500,True,1404,0.4209,0.6369,3324.0000,-134.8800
XGBoost,200,False,200,0.7350,0.1584,976.0000,-23.4400
XGBoost,200,True,200,0.7350,0.1584,976.0000,-16.5600
XGBoost,500,False,500,0.6280,0.3384,2012.0000,-48.1600
XGBoost,500,True,500,0.6280,0.3384,2012.0000,-57.8400
XGBoost,1000,False,1000,0.4970,0.5356,2976.0000,-100.5600
XGBoost,1000,True,1000,0.4970,0.5356,2976.0000,-111.1200
XGBoost,1500,False,1500,0.4000,0.6466,3300.0000,-150.0800
XGBoost,1500,True,1450,0.4117,0.6433,3326.0000,-132.0800
XGBoost,2500,False,2500,0.2756,0.7425,3012.0000,-241.5200
XGBoost,2500,True,1450,0.4117,0.6433,3326.0000,-144.1600
LightGBM,200,False,200,0.7450,0.1606,992.0000,-15.2000
LightGBM,200,True,200,0.7450,0.1606,992.0000,-21.8400
LightGBM,500,False,500,0.6280,0.3384,2012.0000,-54.4800
LightGBM,500,True,500,0.6280,0.3384,2012.0000,-47.1200
LightGBM,1000,False,1000,0.5150,0.5550,3120.0000,-95.9200
LightGBM,1000,True,1000,0.5150,0.5550,3120.0000,-99.9200
LightGBM,1500,False,1500,0.4013,0.6487,3316.0000,-157.1200
LightGBM,1500,True,1402,0.4223,0.6379,3334.0000,-144.2400
LightGBM,2500,False,2500,0.2772,0.7468,3044.0000,-240.2400
LightGBM,2500,True,1402,0.4223,0.6379,3334.0000,-145.6800
CatBoost,200,False,200,0.7600,0.1638,1016.0000,-20.8800
CatBoost,200,True,200,0.7600,0.1638,1016.0000,-27.6000
CatBoost,500,False,500,0.6360,0.3427,2044.0000,-58.0000
CatBoost,500,True,500,0.6360,0.3427,2044.0000,-51.8400
CatBoost,1000,False,1000,0.5060,0.5453,3048.0000,-96.2400
CatBoost,1000,True,1000,0.5060,0.5453,3048.0000,-86.9600
CatBoost,1500,False,1500,0.3980,0.6433,3276.0000,-153.1200
CatBoost,1500,True,1398,0.4206,0.6336,3306.0000,-140.4000
CatBoost,2500,False,2500,0.2744,0.7392,2988.0000,-264.8000
CatBoost,2500,True,1398,0.4206,0.6336,3306.0000,-139.6800
