model,value,threshold,records_selected,contribution,call_everyone
Logistic regression,4,0.2500,968,924.0000,-4526.0000
Logistic regression,8,0.1250,1563,3157.0000,-814.0000
Logistic regression,16,0.0625,3648,8192.0000,6610.0000
Linear SVM (Platt scaled),4,0.2500,898,866.0000,-4526.0000
Linear SVM (Platt scaled),8,0.1250,1379,3229.0000,-814.0000
Linear SVM (Platt scaled),16,0.0625,3883,8229.0000,6610.0000
Gaussian Naive Bayes,4,0.2500,1439,677.0000,-4526.0000
Gaussian Naive Bayes,8,0.1250,1627,2965.0000,-814.0000
Gaussian Naive Bayes,16,0.0625,1755,7733.0000,6610.0000
k-nearest neighbours,4,0.2500,1085,939.0000,-4526.0000
k-nearest neighbours,8,0.1250,1474,3214.0000,-814.0000
k-nearest neighbours,16,0.0625,3502,8034.0000,6610.0000
Small neural net (MLP),4,0.2500,985,947.0000,-4526.0000
Small neural net (MLP),8,0.1250,1431,3241.0000,-814.0000
Small neural net (MLP),16,0.0625,2735,8433.0000,6610.0000
Decision tree,4,0.2500,1065,999.0000,-4526.0000
Decision tree,8,0.1250,1715,3141.0000,-814.0000
Decision tree,16,0.0625,3770,8134.0000,6610.0000
Random forest,4,0.2500,1114,1046.0000,-4526.0000
Random forest,8,0.1250,1508,3356.0000,-814.0000
Random forest,16,0.0625,3554,8254.0000,6610.0000
Extra trees,4,0.2500,1141,1043.0000,-4526.0000
Extra trees,8,0.1250,1520,3264.0000,-814.0000
Extra trees,16,0.0625,3707,8293.0000,6610.0000
sklearn HistGradientBoosting,4,0.2500,1071,1029.0000,-4526.0000
sklearn HistGradientBoosting,8,0.1250,1404,3324.0000,-814.0000
sklearn HistGradientBoosting,16,0.0625,3637,8507.0000,6610.0000
XGBoost,4,0.2500,1072,1024.0000,-4526.0000
XGBoost,8,0.1250,1450,3326.0000,-814.0000
XGBoost,16,0.0625,3518,8482.0000,6610.0000
LightGBM,4,0.2500,1106,1046.0000,-4526.0000
LightGBM,8,0.1250,1402,3334.0000,-814.0000
LightGBM,16,0.0625,3423,8561.0000,6610.0000
CatBoost,4,0.2500,1097,1023.0000,-4526.0000
CatBoost,8,0.1250,1398,3306.0000,-814.0000
CatBoost,16,0.0625,3365,8331.0000,6610.0000
