seed,model,selected,candidates,ap,ap_default,roc_auc,prevalence,cv_ap,seconds
100,Prior (no model),none,0,0.11264870114105366,0.11264870114105366,0.5,0.11264870114105366,,
100,Logistic regression,default,8,0.44416761868107807,0.44416761868107807,0.7863540143402991,0.11264870114105366,0.45106794260958666,11.956739299930632
100,Linear SVM (Platt scaled),candidate 4,8,0.4402579132137388,0.4401716028751232,0.7809792767347518,0.11264870114105366,0.4478975402517951,42.641885999939404
100,Gaussian Naive Bayes,candidate 4,8,0.3702261514965492,0.3439670948606054,0.7674688369734421,0.11264870114105366,0.37550086611948846,8.069240300101228
100,k-nearest neighbours,candidate 5,8,0.4262641073562757,0.307114405678453,0.7773490937072502,0.11264870114105366,0.43719657713941723,45.46706399996765
100,Small neural net (MLP),candidate 2,8,0.43841886560713383,0.4405433311627672,0.7775139010094816,0.11264870114105366,0.45537219688132907,135.96171489998233
100,Decision tree,candidate 2,8,0.43347825624816805,0.1827349040253301,0.7868781398886739,0.11264870114105366,0.44226883377379006,14.255528000066988
100,Random forest,candidate 2,8,0.45854275714936055,0.37038129694065497,0.7891196223878485,0.11264870114105366,0.4717911632902523,138.85947729996406
100,Extra trees,candidate 7,8,0.45298856051577857,0.28971056559720665,0.7879237375583754,0.11264870114105366,0.46840562112726514,142.69403840007726
100,sklearn HistGradientBoosting,candidate 7,8,0.4564620668880486,0.45381693010411,0.7988041151705269,0.11264870114105366,0.4668169612235416,46.04617159999907
100,XGBoost,candidate 2,8,0.45410962809321576,0.44726318581666274,0.7972803109816502,0.11264870114105366,0.46852780184397497,31.18516589992214
100,LightGBM,candidate 2,8,0.4548496228678523,0.45376853595412614,0.7986062137364971,0.11264870114105366,0.47111130242794824,21.33954949991312
