model,candidate,is_default,cv_ap_mean,fold_ap,params
Logistic regression,0,True,0.10100826222166213,"[0.0617, 0.0515, 0.1898]",{}
Logistic regression,1,False,0.09962544548896725,"[0.0622, 0.0465, 0.1901]","{""m__C"": 0.03148911647956861}"
Logistic regression,2,False,0.10092250524759439,"[0.0617, 0.0515, 0.1896]","{""m__C"": 6.351221010640703}"
Logistic regression,3,False,0.10100625737810076,"[0.0617, 0.0515, 0.1899]","{""m__C"": 0.8471801418819978}"
Logistic regression,4,False,0.10049334036990182,"[0.0608, 0.0519, 0.1888]","{""m__C"": 0.24810409748678125}"
Logistic regression,5,False,0.10270963045876619,"[0.0634, 0.0505, 0.1942]","{""m__C"": 0.004207988669606638}"
Logistic regression,6,False,0.10270920521483055,"[0.0634, 0.0505, 0.1942]","{""m__C"": 0.004207053950287938}"
Logistic regression,7,False,0.1028182165401698,"[0.0623, 0.0499, 0.1963]","{""m__C"": 0.0017073967431528124}"
Gaussian Naive Bayes,0,True,0.12063898865218776,"[0.0596, 0.0508, 0.2514]",{}
Gaussian Naive Bayes,1,False,0.120278067813548,"[0.0596, 0.0508, 0.2504]","{""m__var_smoothing"": 9.91564456663839e-07}"
Gaussian Naive Bayes,2,False,0.12407448517338142,"[0.0591, 0.0505, 0.2626]","{""m__var_smoothing"": 0.04033800832600378}"
Gaussian Naive Bayes,3,False,0.12190782973162195,"[0.0596, 0.0508, 0.2553]","{""m__var_smoothing"": 0.0007177141927992007}"
Gaussian Naive Bayes,4,False,0.12169296466682154,"[0.0596, 0.0508, 0.2546]","{""m__var_smoothing"": 6.155564318973005e-05}"
Gaussian Naive Bayes,5,False,0.12064023987734816,"[0.0596, 0.0508, 0.2514]","{""m__var_smoothing"": 1.7707168643537813e-08}"
Gaussian Naive Bayes,6,False,0.12063954620856969,"[0.0596, 0.0508, 0.2514]","{""m__var_smoothing"": 2.9152036385288267e-09}"
Gaussian Naive Bayes,7,False,0.12485246086402009,"[0.0594, 0.0545, 0.2606]","{""m__var_smoothing"": 0.008499808989182987}"
k-nearest neighbours,0,True,0.08451509175868034,"[0.0574, 0.0546, 0.1415]",{}
k-nearest neighbours,1,False,0.0886081691779047,"[0.0558, 0.047, 0.163]","{""m__n_neighbors"": 107, ""m__weights"": ""distance""}"
k-nearest neighbours,2,False,0.08522833111002788,"[0.0555, 0.0472, 0.153]","{""m__n_neighbors"": 97, ""m__weights"": ""uniform""}"
k-nearest neighbours,3,False,0.08884008327717956,"[0.0555, 0.0474, 0.1636]","{""m__n_neighbors"": 111, ""m__weights"": ""distance""}"
k-nearest neighbours,4,False,0.08521990531140951,"[0.0545, 0.0462, 0.155]","{""m__n_neighbors"": 193, ""m__weights"": ""uniform""}"
k-nearest neighbours,5,False,0.08429145155816177,"[0.0547, 0.0475, 0.1507]","{""m__n_neighbors"": 79, ""m__weights"": ""uniform""}"
k-nearest neighbours,6,False,0.08496133352903094,"[0.0554, 0.0473, 0.1522]","{""m__n_neighbors"": 92, ""m__weights"": ""uniform""}"
k-nearest neighbours,7,False,0.08790272195939476,"[0.0553, 0.0475, 0.1609]","{""m__n_neighbors"": 104, ""m__weights"": ""distance""}"
Small neural net (MLP),0,True,0.09161645065619295,"[0.0565, 0.0483, 0.1701]",{}
Small neural net (MLP),1,False,0.09903590835420006,"[0.0586, 0.05, 0.1885]","{""m__alpha"": 0.00031489116479568613, ""m__learning_rate_init"": 0.008412863932117017}"
Small neural net (MLP),2,False,0.10193399423699752,"[0.0563, 0.0489, 0.2006]","{""m__alpha"": 0.008471801418819975, ""m__learning_rate_init"": 0.002447966870418659}"
Small neural net (MLP),3,False,0.09876326459384732,"[0.0578, 0.0485, 0.19]","{""m__alpha"": 4.207988669606632e-05, ""m__learning_rate_init"": 0.000518420294119955}"
Small neural net (MLP),4,False,0.10167281073968056,"[0.0587, 0.0492, 0.1971]","{""m__alpha"": 1.7073967431528103e-05, ""m__learning_rate_init"": 0.006254642575696305}"
Small neural net (MLP),5,False,0.09428901524244847,"[0.0586, 0.0494, 0.1749]","{""m__alpha"": 0.002537815508265664, ""m__learning_rate_init"": 0.003592774284371349}"
Small neural net (MLP),6,False,0.10080511830713945,"[0.0586, 0.0493, 0.1946]","{""m__alpha"": 1.2087541473056957e-05, ""m__learning_rate_init"": 0.008998629135538935}"
Small neural net (MLP),7,False,0.1002028585099014,"[0.0574, 0.0484, 0.1948]","{""m__alpha"": 0.021368329072358756, ""m__learning_rate_init"": 0.0006316666864167333}"
Decision tree,0,True,0.08459000503949299,"[0.0583, 0.0542, 0.1412]",{}
Decision tree,1,False,0.08776804318565963,"[0.0573, 0.051, 0.155]","{""m__max_depth"": 12, ""m__min_samples_leaf"": 275}"
Decision tree,2,False,0.08382913941813896,"[0.058, 0.0474, 0.1461]","{""m__max_depth"": 8, ""m__min_samples_leaf"": 76}"
Decision tree,3,False,0.08572027459887166,"[0.0601, 0.0535, 0.1436]","{""m__max_depth"": null, ""m__min_samples_leaf"": 25}"
Decision tree,4,False,0.08555581499512645,"[0.0565, 0.0483, 0.1519]","{""m__max_depth"": 5, ""m__min_samples_leaf"": 219}"
Decision tree,5,False,0.09398623558415027,"[0.059, 0.0499, 0.173]","{""m__max_depth"": 8, ""m__min_samples_leaf"": 92}"
Decision tree,6,False,0.08533435241208172,"[0.0584, 0.0502, 0.1474]","{""m__max_depth"": null, ""m__min_samples_leaf"": 104}"
Decision tree,7,False,0.08840752153805785,"[0.0572, 0.0507, 0.1573]","{""m__max_depth"": 8, ""m__min_samples_leaf"": 154}"
Random forest,0,True,0.09740577254262404,"[0.0557, 0.055, 0.1815]",{}
Random forest,1,False,0.1061463075443946,"[0.0552, 0.0487, 0.2145]","{""m__max_features"": 0.2872700594236812, ""m__min_samples_leaf"": 29}"
Random forest,2,False,0.10351496899519645,"[0.0535, 0.0504, 0.2067]","{""m__max_features"": 0.1917173949330819, ""m__min_samples_leaf"": 8}"
Random forest,3,False,0.10128831588630616,"[0.0562, 0.0495, 0.1982]","{""m__max_features"": 0.3993292420985183, ""m__min_samples_leaf"": 39}"
Random forest,4,False,0.10182724908877745,"[0.0544, 0.0496, 0.2015]","{""m__max_features"": 0.3229163764267956, ""m__min_samples_leaf"": 23}"
Random forest,5,False,0.10246769674692306,"[0.0557, 0.0462, 0.2055]","{""m__max_features"": 0.12904180608409974, ""m__min_samples_leaf"": 24}"
Random forest,6,False,0.10521770735002149,"[0.0559, 0.0479, 0.2119]","{""m__max_features"": 0.26685430556951095, ""m__min_samples_leaf"": 40}"
Random forest,7,False,0.10166374370531829,"[0.0534, 0.0504, 0.2011]","{""m__max_features"": 0.4540362888980227, ""m__min_samples_leaf"": 22}"
Extra trees,0,True,0.09119553745297687,"[0.0578, 0.0585, 0.1573]",{}
Extra trees,1,False,0.0946128783117679,"[0.0538, 0.0473, 0.1827]","{""m__max_features"": 0.2872700594236812, ""m__min_samples_leaf"": 29}"
Extra trees,2,False,0.0920086628768582,"[0.0534, 0.0518, 0.1709]","{""m__max_features"": 0.1917173949330819, ""m__min_samples_leaf"": 8}"
Extra trees,3,False,0.09406409424295588,"[0.0529, 0.0485, 0.1808]","{""m__max_features"": 0.3993292420985183, ""m__min_samples_leaf"": 39}"
Extra trees,4,False,0.08978813975417484,"[0.0534, 0.0474, 0.1686]","{""m__max_features"": 0.3229163764267956, ""m__min_samples_leaf"": 23}"
Extra trees,5,False,0.09672249238037532,"[0.0551, 0.0469, 0.1882]","{""m__max_features"": 0.12904180608409974, ""m__min_samples_leaf"": 24}"
Extra trees,6,False,0.09191252327469274,"[0.0542, 0.0486, 0.173]","{""m__max_features"": 0.26685430556951095, ""m__min_samples_leaf"": 40}"
Extra trees,7,False,0.08932152172854868,"[0.0522, 0.0483, 0.1674]","{""m__max_features"": 0.4540362888980227, ""m__min_samples_leaf"": 22}"
sklearn HistGradientBoosting,0,True,0.09875819352460802,"[0.0556, 0.0471, 0.1936]",{}
sklearn HistGradientBoosting,1,False,0.09389282057047828,"[0.0563, 0.0528, 0.1726]","{""m__l2_regularization"": 0.04751836912519935, ""m__learning_rate"": 0.262516606324193, ""m__max_leaf_nodes"": 48, ""m__min_samples_leaf"": 81}"
sklearn HistGradientBoosting,2,False,0.10049381646464062,"[0.0584, 0.0485, 0.1946]","{""m__l2_regularization"": 0.4789240251631179, ""m__learning_rate"": 0.030515616964102342, ""m__max_leaf_nodes"": 24, ""m__min_samples_leaf"": 84}"
sklearn HistGradientBoosting,3,False,0.0966022121115744,"[0.0599, 0.0496, 0.1803]","{""m__l2_regularization"": 0.11379232615998332, ""m__learning_rate"": 0.049374393769437024, ""m__max_leaf_nodes"": 45, ""m__min_samples_leaf"": 161}"
sklearn HistGradientBoosting,4,False,0.0958837205243986,"[0.0612, 0.0483, 0.1781]","{""m__l2_regularization"": 0.8205529604374409, ""m__learning_rate"": 0.02330103223409451, ""m__max_leaf_nodes"": 29, ""m__min_samples_leaf"": 167}"
sklearn HistGradientBoosting,5,False,0.0975356993550186,"[0.061, 0.0484, 0.1832]","{""m__l2_regularization"": 0.00892622738184373, ""m__learning_rate"": 0.03272447970178924, ""m__max_leaf_nodes"": 26, ""m__min_samples_leaf"": 170}"
sklearn HistGradientBoosting,6,False,0.09683326183378423,"[0.0578, 0.0508, 0.1819]","{""m__l2_regularization"": 0.023021277110080198, ""m__learning_rate"": 0.08283072221077194, ""m__max_leaf_nodes"": 49, ""m__min_samples_leaf"": 98}"
sklearn HistGradientBoosting,7,False,0.09775647164163535,"[0.0591, 0.0501, 0.1841]","{""m__l2_regularization"": 0.02013113093617532, ""m__learning_rate"": 0.10486361783805698, ""m__max_leaf_nodes"": 47, ""m__min_samples_leaf"": 197}"
XGBoost,0,True,0.11136948854203861,"[0.0559, 0.0571, 0.2211]",{}
XGBoost,1,False,0.1091145556754532,"[0.0609, 0.0522, 0.2142]","{""m__colsample_bytree"": 0.6872700594236812, ""m__learning_rate"": 0.262516606324193, ""m__max_depth"": 4, ""m__min_child_weight"": 21.118915966823938, ""m__subsample"": 0.8387400631785948}"
XGBoost,2,False,0.1193618448937751,"[0.0637, 0.0499, 0.2445]","{""m__colsample_bytree"": 0.7229163764267956, ""m__learning_rate"": 0.02621860739064525, ""m__max_depth"": 4, ""m__min_child_weight"": 29.621516588303486, ""m__subsample"": 0.8404460046972835}"
XGBoost,3,False,0.11143631319755898,"[0.0626, 0.051, 0.2207]","{""m__colsample_bytree"": 0.8540362888980227, ""m__learning_rate"": 0.021146536167031597, ""m__max_depth"": 3, ""m__min_child_weight"": 16.852108912838144, ""m__subsample"": 0.9754210836063001}"
XGBoost,4,False,0.11096647461149733,"[0.0639, 0.0495, 0.2195]","{""m__colsample_bytree"": 0.5003893829205072, ""m__learning_rate"": 0.2937388144391991, ""m__max_depth"": 2, ""m__min_child_weight"": 3.2877474139911183, ""m__subsample"": 0.8099025726528951}"
XGBoost,5,False,0.11625174992375446,"[0.0593, 0.0515, 0.238]","{""m__colsample_bytree"": 0.7159725093210578, ""m__learning_rate"": 0.04400905486948213, ""m__max_depth"": 4, ""m__min_child_weight"": 4.779162492236321, ""m__subsample"": 0.6186662652854461}"
XGBoost,6,False,0.11256186421460294,"[0.0648, 0.0463, 0.2265]","{""m__colsample_bytree"": 0.9868777594207296, ""m__learning_rate"": 0.03756560040604225, ""m__max_depth"": 7, ""m__min_child_weight"": 21.576967455896824, ""m__subsample"": 0.6798695128633439}"
XGBoost,7,False,0.10938259498677022,"[0.0648, 0.0469, 0.2165]","{""m__colsample_bytree"": 0.7571172192068059, ""m__learning_rate"": 0.09948637159577052, ""m__max_depth"": 4, ""m__min_child_weight"": 28.907661229971016, ""m__subsample"": 0.8721230154351118}"
LightGBM,0,True,0.09376644486418756,"[0.0553, 0.0513, 0.1747]",{}
LightGBM,1,False,0.10920952701340901,"[0.0607, 0.0477, 0.2193]","{""m__colsample_bytree"": 0.6872700594236812, ""m__learning_rate"": 0.262516606324193, ""m__min_child_samples"": 116, ""m__num_leaves"": 11, ""m__subsample"": 0.8394633936788146}"
LightGBM,2,False,0.11692112205566668,"[0.0591, 0.0485, 0.2431]","{""m__colsample_bytree"": 0.5780093202212182, ""m__learning_rate"": 0.03051362379613698, ""m__min_child_samples"": 84, ""m__num_leaves"": 14, ""m__subsample"": 0.9464704583099741}"
LightGBM,3,False,0.09624789926392223,"[0.0613, 0.0542, 0.1733]","{""m__colsample_bytree"": 0.8005575058716043, ""m__learning_rate"": 0.13607801490147406, ""m__min_child_samples"": 159, ""m__num_leaves"": 56, ""m__subsample"": 0.9879639408647978}"
LightGBM,4,False,0.09229028245646904,"[0.0589, 0.0532, 0.1648]","{""m__colsample_bytree"": 0.9162213204002109, ""m__learning_rate"": 0.035543498097189236, ""m__min_child_samples"": 197, ""m__num_leaves"": 24, ""m__subsample"": 0.8469926038510867}"
LightGBM,5,False,0.10555413150549886,"[0.056, 0.0502, 0.2105]","{""m__colsample_bytree"": 0.8058265802441404, ""m__learning_rate"": 0.020386403485316923, ""m__min_child_samples"": 98, ""m__num_leaves"": 52, ""m__subsample"": 0.8099098641033556}"
LightGBM,6,False,0.10956620330775653,"[0.0588, 0.0491, 0.2208]","{""m__colsample_bytree"": 0.6999304858576277, ""m__learning_rate"": 0.022694105750550787, ""m__min_child_samples"": 197, ""m__num_leaves"": 19, ""m__subsample"": 0.6931085361721216}"
LightGBM,7,False,0.11691796546334303,"[0.0586, 0.0483, 0.2438]","{""m__colsample_bytree"": 0.5453032172664104, ""m__learning_rate"": 0.10673537394397253, ""m__min_child_samples"": 117, ""m__num_leaves"": 58, ""m__subsample"": 0.9932923543227152}"
CatBoost,0,True,0.1074448314115003,"[0.0657, 0.0545, 0.2021]",{}
CatBoost,1,False,0.12593183903628644,"[0.0646, 0.0571, 0.256]","{""m__depth"": 6, ""m__l2_leaf_reg"": 25.369990766817715, ""m__learning_rate"": 0.1618509290001068}"
CatBoost,2,False,0.07504777334263872,"[0.0554, 0.057, 0.1128]","{""m__depth"": 7, ""m__l2_leaf_reg"": 7.614125909890607, ""m__learning_rate"": 0.08374405912358615}"
CatBoost,3,False,0.11552907010533935,"[0.0665, 0.057, 0.2231]","{""m__depth"": 5, ""m__l2_leaf_reg"": 4.768329952832195, ""m__learning_rate"": 0.06468891483556281}"
CatBoost,4,False,0.08740171322916684,"[0.0591, 0.0576, 0.1455]","{""m__depth"": 5, ""m__l2_leaf_reg"": 1.0725209743171995, ""m__learning_rate"": 0.27991818073277003}"
CatBoost,5,False,0.1363645161663512,"[0.0621, 0.0554, 0.2916]","{""m__depth"": 6, ""m__l2_leaf_reg"": 24.341994231042282, ""m__learning_rate"": 0.03005384349946412}"
CatBoost,6,False,0.11066370433577867,"[0.0598, 0.0616, 0.2106]","{""m__depth"": 6, ""m__l2_leaf_reg"": 1.8659959624904914, ""m__learning_rate"": 0.060445433652475976}"
CatBoost,7,False,0.09925095603054022,"[0.0597, 0.0507, 0.1874]","{""m__depth"": 8, ""m__l2_leaf_reg"": 1.024325040703381, ""m__learning_rate"": 0.031636153913109546}"
