threshold,selected,precision,recall,hypothetical_cost
0.02,8232,0.3084305150631681,0.9996062992125985,5698
0.02987341772151899,8189,0.30943949200146537,0.9976377952755906,5685
0.039746835443037976,7971,0.316146029356417,0.9921259842519685,5551
0.04962025316455697,7555,0.329053606882859,0.978740157480315,5339
0.05949367088607595,7055,0.345995747696669,0.9610236220472441,5109
0.06936708860759494,6470,0.3673879443585781,0.9358267716535433,4908
0.07924050632911393,5906,0.39265154080596004,0.912992125984252,4692
0.08911392405063291,5476,0.41344046749452157,0.8913385826771654,4592
0.0989873417721519,5117,0.42993941762751614,0.8661417322834646,4617
0.1088607594936709,4853,0.4393158870801566,0.8393700787401575,4761
0.11873417721518988,4603,0.44492722137736257,0.8062992125984252,5015
0.12860759493670887,4354,0.4522278364722095,0.7751968503937008,5240
0.13848101265822785,4103,0.45941993663173286,0.7421259842519685,5493
0.14835443037974683,3844,0.468522372528616,0.7090551181102362,5738
0.1582278481012658,3620,0.4770718232044199,0.6799212598425197,5958
0.1681012658227848,3382,0.4872856298048492,0.6488188976377953,6194
0.1779746835443038,3132,0.49776500638569604,0.6137795275590551,6478
0.18784810126582277,2838,0.5137420718816068,0.574015748031496,6790
0.19772151898734178,2569,0.5270533281432463,0.5330708661417323,7145
0.20759493670886076,2324,0.5421686746987951,0.49606299212598426,7464
0.21746835443037973,2078,0.563041385948027,0.46062992125984253,7758
0.22734177215189874,1846,0.5780065005417118,0.4200787401574803,8144
0.23721518987341772,1677,0.5951103160405486,0.39291338582677166,8389
0.2470886075949367,1496,0.6149732620320856,0.36220472440944884,8676
0.25696202531645573,1289,0.6330488750969744,0.32125984251968503,9093
0.2668354430379747,1102,0.6270417422867514,0.2720472440944882,9656
0.2767088607594937,905,0.630939226519337,0.2248031496062992,10179
0.2865822784810127,730,0.6452054794520548,0.18543307086614172,10604
0.29645569620253165,585,0.6564102564102564,0.15118110236220472,10981
0.30632911392405066,391,0.7007672634271099,0.1078740157480315,11447
0.31620253164556966,257,0.7626459143968871,0.07716535433070866,11781
0.3260759493670886,168,0.75,0.049606299212598425,12112
0.3359493670886076,94,0.7659574468085106,0.028346456692913385,12362
0.3458227848101266,45,0.7333333333333333,0.012992125984251968,12547
0.3556962025316456,20,0.75,0.005905511811023622,12630
0.3655696202531646,10,0.6,0.002362204724409449,12674
0.3754430379746836,4,0.25,0.0003937007874015748,12698
0.38531645569620254,1,0.0,0.0,12701
0.39518987341772155,0,0.0,0.0,12700
0.40506329113924056,0,0.0,0.0,12700
0.4149367088607595,0,0.0,0.0,12700
0.4248101265822785,0,0.0,0.0,12700
0.4346835443037975,0,0.0,0.0,12700
0.44455696202531647,0,0.0,0.0,12700
0.4544303797468355,0,0.0,0.0,12700
0.4643037974683545,0,0.0,0.0,12700
0.47417721518987344,0,0.0,0.0,12700
0.48405063291139244,0,0.0,0.0,12700
0.49392405063291145,0,0.0,0.0,12700
0.5037974683544304,0,0.0,0.0,12700
0.5136708860759494,0,0.0,0.0,12700
0.5235443037974684,0,0.0,0.0,12700
0.5334177215189874,0,0.0,0.0,12700
0.5432911392405063,0,0.0,0.0,12700
0.5531645569620254,0,0.0,0.0,12700
0.5630379746835443,0,0.0,0.0,12700
0.5729113924050633,0,0.0,0.0,12700
0.5827848101265823,0,0.0,0.0,12700
0.5926582278481013,0,0.0,0.0,12700
0.6025316455696202,0,0.0,0.0,12700
0.6124050632911393,0,0.0,0.0,12700
0.6222784810126583,0,0.0,0.0,12700
0.6321518987341772,0,0.0,0.0,12700
0.6420253164556963,0,0.0,0.0,12700
0.6518987341772152,0,0.0,0.0,12700
0.6617721518987342,0,0.0,0.0,12700
0.6716455696202532,0,0.0,0.0,12700
0.6815189873417722,0,0.0,0.0,12700
0.6913924050632911,0,0.0,0.0,12700
0.7012658227848102,0,0.0,0.0,12700
0.7111392405063292,0,0.0,0.0,12700
0.7210126582278481,0,0.0,0.0,12700
0.7308860759493672,0,0.0,0.0,12700
0.7407594936708861,0,0.0,0.0,12700
0.7506329113924051,0,0.0,0.0,12700
0.7605063291139241,0,0.0,0.0,12700
0.7703797468354431,0,0.0,0.0,12700
0.780253164556962,0,0.0,0.0,12700
0.7901265822784811,0,0.0,0.0,12700
0.8,0,0.0,0.0,12700
