setting,value,leaves,train_ap,cv_ap_mean,cv_ap_sd
max_depth,2,4,0.34615,0.34575,0.01283
max_depth,3,8,0.37426,0.37118,0.01569
max_depth,5,32,0.43495,0.40518,0.01249
max_depth,8,182,0.51450,0.38875,0.00929
max_depth,12,742,0.64421,0.32082,0.01377
max_depth,unlimited,5265,0.99312,0.18577,0.00739
min_samples_leaf,1,5265,0.99312,0.18577,0.00739
min_samples_leaf,5,2438,0.72686,0.31287,0.00866
min_samples_leaf,10,1600,0.63325,0.36635,0.01223
min_samples_leaf,25,826,0.55249,0.41665,0.01215
min_samples_leaf,50,458,0.51324,0.43732,0.00589
min_samples_leaf,100,254,0.48623,0.44052,0.01466
min_samples_leaf,200,122,0.46321,0.43489,0.01440
min_samples_leaf,500,52,0.41695,0.40272,0.01045
