resampling,reference,model,ap,ap_reference,diff,ci95_lo,ci95_hi,simultaneous95_lo,simultaneous95_hi,share_resamples_above_zero
rows,Logistic regression,Linear SVM (Platt scaled),0.46078,0.46422,-0.00343,-0.00846,0.00175,-0.01046,0.00359,0.08950
rows,Logistic regression,Gaussian Naive Bayes,0.40478,0.46422,-0.05944,-0.07802,-0.04273,-0.08371,-0.03516,0.00000
rows,Logistic regression,k-nearest neighbours,0.45474,0.46422,-0.00948,-0.02250,0.00386,-0.02739,0.00843,0.07500
rows,Logistic regression,Small neural net (MLP),0.46958,0.46422,0.00536,-0.00293,0.01533,-0.00712,0.01784,0.90100
rows,Logistic regression,Decision tree,0.46498,0.46422,0.00076,-0.01524,0.01651,-0.02070,0.02223,0.53200
rows,Logistic regression,Random forest,0.48634,0.46422,0.02213,0.00849,0.03791,0.00216,0.04209,0.99950
rows,Logistic regression,Extra trees,0.48206,0.46422,0.01784,0.00428,0.03162,-0.00090,0.03657,0.99650
rows,Logistic regression,sklearn HistGradientBoosting,0.49173,0.46422,0.02752,0.01396,0.04154,0.00876,0.04627,1.00000
rows,Logistic regression,XGBoost,0.47947,0.46422,0.01525,0.00468,0.02823,-0.00075,0.03125,0.99700
rows,Logistic regression,LightGBM,0.49087,0.46422,0.02666,0.01427,0.04035,0.00885,0.04447,1.00000
rows,Logistic regression,CatBoost,0.48439,0.46422,0.02017,0.00778,0.03380,0.00248,0.03786,1.00000
rows,sklearn HistGradientBoosting,Logistic regression,0.46422,0.49173,-0.02752,-0.04154,-0.01396,-0.04674,-0.00829,0.00000
rows,sklearn HistGradientBoosting,Linear SVM (Platt scaled),0.46078,0.49173,-0.03095,-0.04578,-0.01700,-0.05103,-0.01087,0.00000
rows,sklearn HistGradientBoosting,Gaussian Naive Bayes,0.40478,0.49173,-0.08696,-0.10801,-0.06660,-0.11571,-0.05820,0.00000
rows,sklearn HistGradientBoosting,k-nearest neighbours,0.45474,0.49173,-0.03699,-0.04954,-0.02453,-0.05465,-0.01934,0.00000
rows,sklearn HistGradientBoosting,Small neural net (MLP),0.46958,0.49173,-0.02216,-0.03475,-0.00914,-0.03998,-0.00433,0.00150
rows,sklearn HistGradientBoosting,Decision tree,0.46498,0.49173,-0.02676,-0.04004,-0.01516,-0.04431,-0.00920,0.00000
rows,sklearn HistGradientBoosting,Random forest,0.48634,0.49173,-0.00539,-0.01374,0.00364,-0.01747,0.00669,0.11700
rows,sklearn HistGradientBoosting,Extra trees,0.48206,0.49173,-0.00968,-0.01759,-0.00134,-0.02101,0.00166,0.00950
rows,sklearn HistGradientBoosting,XGBoost,0.47947,0.49173,-0.01227,-0.01985,-0.00346,-0.02360,-0.00094,0.00350
rows,sklearn HistGradientBoosting,LightGBM,0.49087,0.49173,-0.00086,-0.00724,0.00645,-0.01038,0.00866,0.41300
rows,sklearn HistGradientBoosting,CatBoost,0.48439,0.49173,-0.00735,-0.01586,0.00201,-0.01994,0.00525,0.06950
blocks of 100,Logistic regression,Linear SVM (Platt scaled),0.46078,0.46422,-0.00343,-0.00917,0.00353,-0.01225,0.00538,0.14550
blocks of 100,Logistic regression,Gaussian Naive Bayes,0.40478,0.46422,-0.05944,-0.07753,-0.04232,-0.08423,-0.03465,0.00000
blocks of 100,Logistic regression,k-nearest neighbours,0.45474,0.46422,-0.00948,-0.02777,0.00505,-0.03279,0.01384,0.11600
blocks of 100,Logistic regression,Small neural net (MLP),0.46958,0.46422,0.00536,-0.00738,0.01704,-0.01197,0.02269,0.75450
blocks of 100,Logistic regression,Decision tree,0.46498,0.46422,0.00076,-0.02060,0.01758,-0.02617,0.02770,0.49050
blocks of 100,Logistic regression,Random forest,0.48634,0.46422,0.02213,0.00299,0.04088,-0.00533,0.04959,0.98700
blocks of 100,Logistic regression,Extra trees,0.48206,0.46422,0.01784,-0.00045,0.03391,-0.00600,0.04168,0.97150
blocks of 100,Logistic regression,sklearn HistGradientBoosting,0.49173,0.46422,0.02752,0.01285,0.04139,0.00745,0.04759,1.00000
blocks of 100,Logistic regression,XGBoost,0.47947,0.46422,0.01525,0.00309,0.02761,-0.00207,0.03257,0.99400
blocks of 100,Logistic regression,LightGBM,0.49087,0.46422,0.02666,0.01227,0.04179,0.00605,0.04726,1.00000
blocks of 100,Logistic regression,CatBoost,0.48439,0.46422,0.02017,0.00909,0.03497,0.00191,0.03844,1.00000
blocks of 100,sklearn HistGradientBoosting,Logistic regression,0.46422,0.49173,-0.02752,-0.04139,-0.01285,-0.04830,-0.00673,0.00000
blocks of 100,sklearn HistGradientBoosting,Linear SVM (Platt scaled),0.46078,0.49173,-0.03095,-0.04463,-0.01585,-0.05196,-0.00994,0.00000
blocks of 100,sklearn HistGradientBoosting,Gaussian Naive Bayes,0.40478,0.49173,-0.08696,-0.10938,-0.06574,-0.11855,-0.05536,0.00000
blocks of 100,sklearn HistGradientBoosting,k-nearest neighbours,0.45474,0.49173,-0.03699,-0.05511,-0.02107,-0.06158,-0.01241,0.00000
blocks of 100,sklearn HistGradientBoosting,Small neural net (MLP),0.46958,0.49173,-0.02216,-0.03808,-0.00683,-0.04459,0.00028,0.00250
blocks of 100,sklearn HistGradientBoosting,Decision tree,0.46498,0.49173,-0.02676,-0.04375,-0.01169,-0.05044,-0.00307,0.00050
blocks of 100,sklearn HistGradientBoosting,Random forest,0.48634,0.49173,-0.00539,-0.01623,0.00792,-0.02304,0.01226,0.21350
blocks of 100,sklearn HistGradientBoosting,Extra trees,0.48206,0.49173,-0.00968,-0.02023,0.00172,-0.02589,0.00654,0.05200
blocks of 100,sklearn HistGradientBoosting,XGBoost,0.47947,0.49173,-0.01227,-0.02100,-0.00297,-0.02536,0.00083,0.00500
blocks of 100,sklearn HistGradientBoosting,LightGBM,0.49087,0.49173,-0.00086,-0.00796,0.00502,-0.01019,0.00848,0.38250
blocks of 100,sklearn HistGradientBoosting,CatBoost,0.48439,0.49173,-0.00735,-0.01435,0.00331,-0.01968,0.00499,0.07950
